relation,source,target
r_cert,Domain_6cf8a9aeb74e11395404d590b5599f41f2fe8e2e3a30f7442e2dab661f82f865,Cert_3aa9c13836903efd1bfd8b9d39b60438924486a90573544d7372259df4bd68ea
r_dns_a,Domain_6cf8a9aeb74e11395404d590b5599f41f2fe8e2e3a30f7442e2dab661f82f865,IP_7684c8f10f610f43ee08221e7130c16b0d9d59035fbf0a55a641639af6a73676
r_subdomain,Domain_6cf8a9aeb74e11395404d590b5599f41f2fe8e2e3a30f7442e2dab661f82f865,Domain_10c03f686edfffdb82411bd46f37b405af767ac014454a6e8017197cc7bdb1ca
r_whois_name,Domain_6cf8a9aeb74e11395404d590b5599f41f2fe8e2e3a30f7442e2dab661f82f865,Whois_Name_af9c8790603b2045d997ea7062e2fd93c931560ae48932b95f20085663878464
r_dns_a,Domain_34cf594d150b250c3226c8b1fb1df152279e9687826768321a6b9e44b19ec07a,IP_2010a036d0a461366ba6df52d118ce03f4ce457eb66fe623069429e11e365fec
r_cert,Domain_34cf594d150b250c3226c8b1fb1df152279e9687826768321a6b9e44b19ec07a,Cert_3aa9c13836903efd1bfd8b9d39b60438924486a90573544d7372259df4bd68ea
r_subdomain,Domain_34cf594d150b250c3226c8b1fb1df152279e9687826768321a6b9e44b19ec07a,Domain_1fa54042cfd3c6875c9cc13e7ca97935e3ca1570f176dd33982c7c15181ea94e
r_whois_name,Domain_34cf594d150b250c3226c8b1fb1df152279e9687826768321a6b9e44b19ec07a,Whois_Name_af9c8790603b2045d997ea7062e2fd93c931560ae48932b95f20085663878464
r_dns_a,Domain_147b03dbd386af763aceef0afeb01ef662a85c4a4e38bbfb24069af094714721,IP_96de0f0acab70d4fe3271fb04f78fad235a8d3f0602b9b3a4a90009ae56c7eec
r_subdomain,Domain_147b03dbd386af763aceef0afeb01ef662a85c4a4e38bbfb24069af094714721,Domain_6cbd513e4adc7da4e06f2d48ffb3619afb35b0aa677a2642effd4972d55c8b63
r_whois_name,Domain_147b03dbd386af763aceef0afeb01ef662a85c4a4e38bbfb24069af094714721,Whois_Name_af9c8790603b2045d997ea7062e2fd93c931560ae48932b95f20085663878464
r_dns_a,Domain_9fca02f8e66add91d507d36f1ade0fc33dcb2617318b9727f8f9367e51678370,IP_7ee3ab446851258a0a7c0f8db0f4abbd2d05ee6b29e3ce3091308d9888fb3e6d
r_cert,Domain_9fca02f8e66add91d507d36f1ade0fc33dcb2617318b9727f8f9367e51678370,Cert_3aa9c13836903efd1bfd8b9d39b60438924486a90573544d7372259df4bd68ea
r_subdomain,Domain_9fca02f8e66add91d507d36f1ade0fc33dcb2617318b9727f8f9367e51678370,Domain_3dfea8d232bce870a0f18d8e7499a3faed19d6c9f33b163713a5e7edbc668962
r_whois_email,Domain_9fca02f8e66add91d507d36f1ade0fc33dcb2617318b9727f8f9367e51678370,Whois_Email_2e7c374df8dfbeb2a499b2686e7a448539e49a3ea9bd97ece8de39d1f1a45856
r_whois_name,Domain_9fca02f8e66add91d507d36f1ade0fc33dcb2617318b9727f8f9367e51678370,Whois_Name_db37d9bd632e12b566f1106de3405905a928f09ff12bdc96bf4aa9ca8e813541
r_dns_a,Domain_c00092eb3f8678f580b57d4a19fcf4f30b6d44235cf5e08dc5070ff886569e5a,IP_cb61353035b8c14bd720ffb11632f5ec6731ede75b49d2a4b31019ff12075090
r_cert,Domain_c00092eb3f8678f580b57d4a19fcf4f30b6d44235cf5e08dc5070ff886569e5a,Cert_3aa9c13836903efd1bfd8b9d39b60438924486a90573544d7372259df4bd68ea
r_subdomain,Domain_c00092eb3f8678f580b57d4a19fcf4f30b6d44235cf5e08dc5070ff886569e5a,Domain_54ce04650aadd150d9e0aa4aa4583d9efdcc0b9cba2a22b9ecc7e21045893785
r_whois_name,Domain_c00092eb3f8678f580b57d4a19fcf4f30b6d44235cf5e08dc5070ff886569e5a,Whois_Name_af9c8790603b2045d997ea7062e2fd93c931560ae48932b95f20085663878464
r_dns_a,Domain_d92cd51a7bce7ff45346234d7fbd42a25e3c78cf9fd2c451ac5135a046d3faf5,IP_cb69a11246851a0c6d7cdd2af5926b74d1b8c095799e6d8c0a74e7230d4706de
r_whois_name,Domain_d92cd51a7bce7ff45346234d7fbd42a25e3c78cf9fd2c451ac5135a046d3faf5,Whois_Name_af9c8790603b2045d997ea7062e2fd93c931560ae48932b95f20085663878464
r_subdomain,Domain_d92cd51a7bce7ff45346234d7fbd42a25e3c78cf9fd2c451ac5135a046d3faf5,Domain_df543bca1328f2435f0015646fa918f3d8d85c2a2f4f49d53512ecd692ee9218
r_dns_a,Domain_02b5dfea3a9d0d76c4aa9cab1b68d05e8f23faaeb430b48ba0568571685a27a3,IP_e322ee6cdcc26522679bd7205e06250c6d77eac394014db263ebcf3f76e9fd88
r_subdomain,Domain_02b5dfea3a9d0d76c4aa9cab1b68d05e8f23faaeb430b48ba0568571685a27a3,Domain_2f7cb566602727e1fea08ca909e1ec8a117a43b6be7264fa06001359e388c0b4
r_whois_name,Domain_02b5dfea3a9d0d76c4aa9cab1b68d05e8f23faaeb430b48ba0568571685a27a3,Whois_Name_af9c8790603b2045d997ea7062e2fd93c931560ae48932b95f20085663878464
r_dns_a,Domain_8e734452f781bdf7743713fb8165a5c5e996407a9772ec2aa42931244f9e9be9,IP_a7f69e52012fda7c364b0c8d5eeb3d070a3a8b409d941c3234fea32ed76fad98
r_cert,Domain_8e734452f781bdf7743713fb8165a5c5e996407a9772ec2aa42931244f9e9be9,Cert_3aa9c13836903efd1bfd8b9d39b60438924486a90573544d7372259df4bd68ea
r_subdomain,Domain_8e734452f781bdf7743713fb8165a5c5e996407a9772ec2aa42931244f9e9be9,Domain_a5a42b8b598fb4e90dc20391e74a02841fb5cef5b0cbeb24d4255c100661e4c5
r_whois_name,Domain_8e734452f781bdf7743713fb8165a5c5e996407a9772ec2aa42931244f9e9be9,Whois_Name_af9c8790603b2045d997ea7062e2fd93c931560ae48932b95f20085663878464
r_cert,Domain_10c03f686edfffdb82411bd46f37b405af767ac014454a6e8017197cc7bdb1ca,Cert_3aa9c13836903efd1bfd8b9d39b60438924486a90573544d7372259df4bd68ea
r_dns_a,Domain_10c03f686edfffdb82411bd46f37b405af767ac014454a6e8017197cc7bdb1ca,IP_7684c8f10f610f43ee08221e7130c16b0d9d59035fbf0a55a641639af6a73676
r_asn,IP_7684c8f10f610f43ee08221e7130c16b0d9d59035fbf0a55a641639af6a73676,ASN_894a39aa8f6405a82567c5c1832fd3a6b110552c2fe84eafa929a3e603fc4387
r_dns_a,Domain_1fa54042cfd3c6875c9cc13e7ca97935e3ca1570f176dd33982c7c15181ea94e,IP_2010a036d0a461366ba6df52d118ce03f4ce457eb66fe623069429e11e365fec
r_cert,Domain_1fa54042cfd3c6875c9cc13e7ca97935e3ca1570f176dd33982c7c15181ea94e,Cert_3aa9c13836903efd1bfd8b9d39b60438924486a90573544d7372259df4bd68ea
r_dns_a,Domain_6cbd513e4adc7da4e06f2d48ffb3619afb35b0aa677a2642effd4972d55c8b63,IP_96de0f0acab70d4fe3271fb04f78fad235a8d3f0602b9b3a4a90009ae56c7eec
r_cert,Domain_6cbd513e4adc7da4e06f2d48ffb3619afb35b0aa677a2642effd4972d55c8b63,Cert_3aa9c13836903efd1bfd8b9d39b60438924486a90573544d7372259df4bd68ea
r_dns_a,Domain_3dfea8d232bce870a0f18d8e7499a3faed19d6c9f33b163713a5e7edbc668962,IP_7ee3ab446851258a0a7c0f8db0f4abbd2d05ee6b29e3ce3091308d9888fb3e6d
r_cert,Domain_3dfea8d232bce870a0f18d8e7499a3faed19d6c9f33b163713a5e7edbc668962,Cert_3aa9c13836903efd1bfd8b9d39b60438924486a90573544d7372259df4bd68ea
r_dns_a,Domain_54ce04650aadd150d9e0aa4aa4583d9efdcc0b9cba2a22b9ecc7e21045893785,IP_cb61353035b8c14bd720ffb11632f5ec6731ede75b49d2a4b31019ff12075090
r_cert,Domain_54ce04650aadd150d9e0aa4aa4583d9efdcc0b9cba2a22b9ecc7e21045893785,Cert_3aa9c13836903efd1bfd8b9d39b60438924486a90573544d7372259df4bd68ea
r_dns_a,Domain_df543bca1328f2435f0015646fa918f3d8d85c2a2f4f49d53512ecd692ee9218,IP_cb69a11246851a0c6d7cdd2af5926b74d1b8c095799e6d8c0a74e7230d4706de
r_dns_a,Domain_2f7cb566602727e1fea08ca909e1ec8a117a43b6be7264fa06001359e388c0b4,IP_e322ee6cdcc26522679bd7205e06250c6d77eac394014db263ebcf3f76e9fd88
r_dns_a,Domain_a5a42b8b598fb4e90dc20391e74a02841fb5cef5b0cbeb24d4255c100661e4c5,IP_a7f69e52012fda7c364b0c8d5eeb3d070a3a8b409d941c3234fea32ed76fad98
r_cert,Domain_0436e72c9d788f9663b13fc36aec6cd68df151fb2fcb1826f22fb3bda2de1ae8,Cert_3aa9c13836903efd1bfd8b9d39b60438924486a90573544d7372259df4bd68ea
r_dns_a,Domain_0436e72c9d788f9663b13fc36aec6cd68df151fb2fcb1826f22fb3bda2de1ae8,IP_7684c8f10f610f43ee08221e7130c16b0d9d59035fbf0a55a641639af6a73676
r_subdomain,Domain_0436e72c9d788f9663b13fc36aec6cd68df151fb2fcb1826f22fb3bda2de1ae8,Domain_66a23a255fa3e430f15df82e3a19d5d3c2e68d738080517af235ff6b917b0b3f
r_cert,Domain_4c8e1f336d72cce692a46d78b6033bdb55957c05fc4fd18b6d58f82af15028d0,Cert_3aa9c13836903efd1bfd8b9d39b60438924486a90573544d7372259df4bd68ea
r_dns_a,Domain_4c8e1f336d72cce692a46d78b6033bdb55957c05fc4fd18b6d58f82af15028d0,IP_7684c8f10f610f43ee08221e7130c16b0d9d59035fbf0a55a641639af6a73676
r_subdomain,Domain_4c8e1f336d72cce692a46d78b6033bdb55957c05fc4fd18b6d58f82af15028d0,Domain_d671d66c13d21224bc35e149b417f931afa5444001ba3ba246901160b766c728
r_dns_a,Domain_59b66fb49a1e9e1feabb2d4af1b247cc365f5166a00d0cbff709ea1fa61b3167,IP_7684c8f10f610f43ee08221e7130c16b0d9d59035fbf0a55a641639af6a73676
r_dns_a,Domain_843a1da56c5bc316d81c3405d56d6478814ef8f1d09b4c17ff8fe900cc4bee41,IP_7684c8f10f610f43ee08221e7130c16b0d9d59035fbf0a55a641639af6a73676
r_dns_a,Domain_20837bdc28ec16ff9403088b3d71a70e39a4fa382726b8f6472e45194b22c1b9,IP_7684c8f10f610f43ee08221e7130c16b0d9d59035fbf0a55a641639af6a73676
r_dns_a,Domain_59d1d1931867d324d8f274f17f61da40a09454fa7393e35e46304c65b709ff21,IP_7684c8f10f610f43ee08221e7130c16b0d9d59035fbf0a55a641639af6a73676
r_cert,Domain_dbb3f6457a798b45ce9fbd5b2b88d5532d9a4b2074c081ace964424648d02608,Cert_3aa9c13836903efd1bfd8b9d39b60438924486a90573544d7372259df4bd68ea
r_cert,Domain_3489b550f64f0761fe55380f3a11c73a5cdbf9f0fd577b71529381e45ba55b69,Cert_3aa9c13836903efd1bfd8b9d39b60438924486a90573544d7372259df4bd68ea
r_cert,Domain_292f007e72127d532385cad1261cf4519b2258e4a405df4a6f0d88489b690ed4,Cert_3aa9c13836903efd1bfd8b9d39b60438924486a90573544d7372259df4bd68ea
r_cert,Domain_d1d1adc88836d2fc1aa11c17bf951b5509922152523e6b644647025d3afec989,Cert_3aa9c13836903efd1bfd8b9d39b60438924486a90573544d7372259df4bd68ea
r_cert,Domain_e8d2bcb3acbdcadb868f14cd7871b60c9ef9a0382babb77664903cb1e091c241,Cert_3aa9c13836903efd1bfd8b9d39b60438924486a90573544d7372259df4bd68ea
r_cert,Domain_4ed8ebe973193d7010193489ad7c9339150231676aef959ee2d98fc12b0b8208,Cert_3aa9c13836903efd1bfd8b9d39b60438924486a90573544d7372259df4bd68ea
r_cert,Domain_a21b7d2f572d41c35e02e19aa9f20ded29d8577e590e86ea3c3dd4eefcd01088,Cert_3aa9c13836903efd1bfd8b9d39b60438924486a90573544d7372259df4bd68ea
r_cert,Domain_ba73f4d44676907db70d89a670a79bbf24d2ef04abe4b35f438b978f02ab56ce,Cert_3aa9c13836903efd1bfd8b9d39b60438924486a90573544d7372259df4bd68ea
r_cert,Domain_decee6f3b3e96d2be4593040325a0d482eee667a7ed0854d0d11821d8f543234,Cert_3aa9c13836903efd1bfd8b9d39b60438924486a90573544d7372259df4bd68ea
r_cert,Domain_9bfe442b82328934172c78ac0a4f16c08c59db84be47824edea608270cc7f6c8,Cert_3aa9c13836903efd1bfd8b9d39b60438924486a90573544d7372259df4bd68ea
r_cert,Domain_6fae78f14c1931cbd1a21803d3d4ca3e754f57c2ea386ae61e84cb5020abfb00,Cert_3aa9c13836903efd1bfd8b9d39b60438924486a90573544d7372259df4bd68ea
r_cert,Domain_a9392e7c6c3090cc7d6e30c6170b3d99db4616202af6c30b9a344ccac8e9aa4a,Cert_3aa9c13836903efd1bfd8b9d39b60438924486a90573544d7372259df4bd68ea
r_cert,Domain_250b6e5b0063ef60b45a2c9e397596cef6b944e1bf181b8f9eb1aae0812a4bfb,Cert_3aa9c13836903efd1bfd8b9d39b60438924486a90573544d7372259df4bd68ea
r_cert,Domain_fd82f924715e8e83fe3e83ba4eb8f389b77bfada10262d3c6125068ad2551d6e,Cert_3aa9c13836903efd1bfd8b9d39b60438924486a90573544d7372259df4bd68ea
r_cert,Domain_63134bbf76276d4b7fe988186cc1560fb3b3b1204c278c0fd50336fdd7b00087,Cert_3aa9c13836903efd1bfd8b9d39b60438924486a90573544d7372259df4bd68ea
r_cert,Domain_f76dc4daa45e825400f2655bc9763afd74aa1ebbb4675949f3d250fb5ad97f97,Cert_3aa9c13836903efd1bfd8b9d39b60438924486a90573544d7372259df4bd68ea
r_cert,Domain_0d1ad1148f748b0a9aee8296fd649b8fc9c462e76e4fe6382404763fcd4eb0a3,Cert_3aa9c13836903efd1bfd8b9d39b60438924486a90573544d7372259df4bd68ea
r_cert,Domain_35f37d8d7d8ae1a2bbfec2528ff577c560e5e69a992777961102392b4b7c769f,Cert_3aa9c13836903efd1bfd8b9d39b60438924486a90573544d7372259df4bd68ea
r_cert,Domain_fe13c676f5868dea55dcdca2130e4251d95dc1faf1db09f5f2d307152498d99c,Cert_3aa9c13836903efd1bfd8b9d39b60438924486a90573544d7372259df4bd68ea
r_cert,Domain_9fea9ed0c02868e46becb4767e5624b633d7954cfd6e5e1346b99c83a05dc668,Cert_3aa9c13836903efd1bfd8b9d39b60438924486a90573544d7372259df4bd68ea
r_cert,Domain_7e4a2191ee1bbf8409eb7e2934ad90dd91104a836ae4fbee1b3fea55fbbf0f0f,Cert_3aa9c13836903efd1bfd8b9d39b60438924486a90573544d7372259df4bd68ea
r_cert,Domain_0a11367e963f6d5d682328ac5d84fb39b7f9a2a060878439d4aca1c554382df4,Cert_3aa9c13836903efd1bfd8b9d39b60438924486a90573544d7372259df4bd68ea
r_cert,Domain_b42c5f180ab0b4ff5abbeed7fb862631f511b133a9e84c2c18f35f3cd3ae5552,Cert_3aa9c13836903efd1bfd8b9d39b60438924486a90573544d7372259df4bd68ea
r_cert,Domain_bcdbea87803ed82c0f720316c8ead4af8baf14ace71e8a06d3ed07e8ced01caf,Cert_3aa9c13836903efd1bfd8b9d39b60438924486a90573544d7372259df4bd68ea
r_dns_a,Domain_bcdbea87803ed82c0f720316c8ead4af8baf14ace71e8a06d3ed07e8ced01caf,IP_7684c8f10f610f43ee08221e7130c16b0d9d59035fbf0a55a641639af6a73676
r_subdomain,Domain_bcdbea87803ed82c0f720316c8ead4af8baf14ace71e8a06d3ed07e8ced01caf,Domain_53304a5cb3a0b80b06668bb4e70414e2946f2d115bf5d2c55451e622a5419986
r_whois_name,Domain_bcdbea87803ed82c0f720316c8ead4af8baf14ace71e8a06d3ed07e8ced01caf,Whois_Name_af9c8790603b2045d997ea7062e2fd93c931560ae48932b95f20085663878464
r_whois_phone,Domain_bcdbea87803ed82c0f720316c8ead4af8baf14ace71e8a06d3ed07e8ced01caf,Whois_Phone_4939081cd8c3df7854212ca0855ddcf12a4a1ae4b7eba4c6dbdae8ae2507a03b
r_whois_email,Domain_bcdbea87803ed82c0f720316c8ead4af8baf14ace71e8a06d3ed07e8ced01caf,Whois_Email_2e7c374df8dfbeb2a499b2686e7a448539e49a3ea9bd97ece8de39d1f1a45856
r_cert,Domain_a15d93da6e6f1dd1614d26ba811acb547bf16e99a13115843beb1f53056e710b,Cert_3aa9c13836903efd1bfd8b9d39b60438924486a90573544d7372259df4bd68ea
r_subdomain,Domain_a15d93da6e6f1dd1614d26ba811acb547bf16e99a13115843beb1f53056e710b,Domain_b0ba0ec80979e427318ccf5ba292e5dfc44c3ca723d3327b5d5a13f35f2c7717
r_cert,Domain_66a23a255fa3e430f15df82e3a19d5d3c2e68d738080517af235ff6b917b0b3f,Cert_3aa9c13836903efd1bfd8b9d39b60438924486a90573544d7372259df4bd68ea
r_dns_a,Domain_66a23a255fa3e430f15df82e3a19d5d3c2e68d738080517af235ff6b917b0b3f,IP_7684c8f10f610f43ee08221e7130c16b0d9d59035fbf0a55a641639af6a73676
r_cert,Domain_f5943be8cff0c0c645e60437da891cdb74cdb53a9ef45816e543fe90f6f36115,Cert_3aa9c13836903efd1bfd8b9d39b60438924486a90573544d7372259df4bd68ea
r_subdomain,Domain_f5943be8cff0c0c645e60437da891cdb74cdb53a9ef45816e543fe90f6f36115,Domain_7a5d71be934b2b7283aa6251d6db6e5cd273f52877dd166b1f40c2e2affefa09
r_cert,Domain_d671d66c13d21224bc35e149b417f931afa5444001ba3ba246901160b766c728,Cert_3aa9c13836903efd1bfd8b9d39b60438924486a90573544d7372259df4bd68ea
r_dns_a,Domain_d671d66c13d21224bc35e149b417f931afa5444001ba3ba246901160b766c728,IP_7684c8f10f610f43ee08221e7130c16b0d9d59035fbf0a55a641639af6a73676
r_dns_a,Domain_259258a63a1f215172379dacab108e20af2178c7bdd3a271bc97121d05b5b6ec,IP_3899393ef0e49698d9d2b835c1ae2dfad2dedc47fd302da9500da717e768a2b8
r_cert,Domain_259258a63a1f215172379dacab108e20af2178c7bdd3a271bc97121d05b5b6ec,Cert_3aa9c13836903efd1bfd8b9d39b60438924486a90573544d7372259df4bd68ea
r_whois_name,Domain_259258a63a1f215172379dacab108e20af2178c7bdd3a271bc97121d05b5b6ec,Whois_Name_db37d9bd632e12b566f1106de3405905a928f09ff12bdc96bf4aa9ca8e813541
r_subdomain,Domain_259258a63a1f215172379dacab108e20af2178c7bdd3a271bc97121d05b5b6ec,Domain_e51cee5c7f003ed0bd33d9e28e3ec4023ffa65969c956390d5c829c2fe48a218
r_cert,Domain_d4ac3606158a61989e6fb1d2fc7001bc2d13b207bcbfde0d70f0ccac912dd085,Cert_3aa9c13836903efd1bfd8b9d39b60438924486a90573544d7372259df4bd68ea
r_dns_a,Domain_d4ac3606158a61989e6fb1d2fc7001bc2d13b207bcbfde0d70f0ccac912dd085,IP_7684c8f10f610f43ee08221e7130c16b0d9d59035fbf0a55a641639af6a73676
r_subdomain,Domain_d4ac3606158a61989e6fb1d2fc7001bc2d13b207bcbfde0d70f0ccac912dd085,Domain_ba3f2c1961672e8bde2c4a0355ee417f72ca37190ce4fb6d829f52c85c7d3b0d
r_cert,Domain_14e37ade38df59617a0e0e5bd54e5940600347b33fb65caac7b5871115ae5ebe,Cert_3aa9c13836903efd1bfd8b9d39b60438924486a90573544d7372259df4bd68ea
r_dns_a,Domain_14e37ade38df59617a0e0e5bd54e5940600347b33fb65caac7b5871115ae5ebe,IP_7684c8f10f610f43ee08221e7130c16b0d9d59035fbf0a55a641639af6a73676
r_subdomain,Domain_14e37ade38df59617a0e0e5bd54e5940600347b33fb65caac7b5871115ae5ebe,Domain_aa27d96b8c22c653a998a45298cf451b1b368bec193a9503fa6489bf8c61d240
r_dns_a,Domain_6197e4a5d264fc893481286f33c119588313d00f7c9eb408d686729ff251be91,IP_cfcb3f970117966c4574178e7765f009abecc08c09212995f75fb5b229878649
r_cert,Domain_6197e4a5d264fc893481286f33c119588313d00f7c9eb408d686729ff251be91,Cert_3aa9c13836903efd1bfd8b9d39b60438924486a90573544d7372259df4bd68ea
r_subdomain,Domain_6197e4a5d264fc893481286f33c119588313d00f7c9eb408d686729ff251be91,Domain_bb7e1a14bb892cd09c62e7d6b71aead8e1ea76a2ac3f3d1b3a180ece28f360bc
r_cert,Domain_53304a5cb3a0b80b06668bb4e70414e2946f2d115bf5d2c55451e622a5419986,Cert_3aa9c13836903efd1bfd8b9d39b60438924486a90573544d7372259df4bd68ea
r_dns_a,Domain_53304a5cb3a0b80b06668bb4e70414e2946f2d115bf5d2c55451e622a5419986,IP_7684c8f10f610f43ee08221e7130c16b0d9d59035fbf0a55a641639af6a73676
r_cert,Domain_ba3f2c1961672e8bde2c4a0355ee417f72ca37190ce4fb6d829f52c85c7d3b0d,Cert_3aa9c13836903efd1bfd8b9d39b60438924486a90573544d7372259df4bd68ea
r_dns_a,Domain_ba3f2c1961672e8bde2c4a0355ee417f72ca37190ce4fb6d829f52c85c7d3b0d,IP_7684c8f10f610f43ee08221e7130c16b0d9d59035fbf0a55a641639af6a73676
r_cert,Domain_aa27d96b8c22c653a998a45298cf451b1b368bec193a9503fa6489bf8c61d240,Cert_3aa9c13836903efd1bfd8b9d39b60438924486a90573544d7372259df4bd68ea
r_dns_a,Domain_aa27d96b8c22c653a998a45298cf451b1b368bec193a9503fa6489bf8c61d240,IP_7684c8f10f610f43ee08221e7130c16b0d9d59035fbf0a55a641639af6a73676
r_dns_a,Domain_c08d79643c5db0cce25602f5bba30e66011b8983136546a63c3310a38356b32e,IP_093b1a9ba54b202222fdaf20b580a9e1b19752180bfca269ad92f82fc537ca1a
r_cert,Domain_c08d79643c5db0cce25602f5bba30e66011b8983136546a63c3310a38356b32e,Cert_3aa9c13836903efd1bfd8b9d39b60438924486a90573544d7372259df4bd68ea
r_subdomain,Domain_c08d79643c5db0cce25602f5bba30e66011b8983136546a63c3310a38356b32e,Domain_a2d96b148c7f817ee6e88abc6d62d19e54550dfb64e7b9b24dd63cd4dacf0bbb
r_dns_a,Domain_c274545e9fe9f7d56241c0408a9b97363488633d5e8cd90cc757b0566a4bf59b,IP_b8f5fc2c6bd155e7a566373b3692f84883fe2730a86aedf96f845dd0992ece5b
r_cert,Domain_c274545e9fe9f7d56241c0408a9b97363488633d5e8cd90cc757b0566a4bf59b,Cert_3aa9c13836903efd1bfd8b9d39b60438924486a90573544d7372259df4bd68ea
r_whois_name,Domain_c274545e9fe9f7d56241c0408a9b97363488633d5e8cd90cc757b0566a4bf59b,Whois_Name_db37d9bd632e12b566f1106de3405905a928f09ff12bdc96bf4aa9ca8e813541
r_subdomain,Domain_c274545e9fe9f7d56241c0408a9b97363488633d5e8cd90cc757b0566a4bf59b,Domain_36c5cb038d4ba4078916e3e419e66df79f6fd837f0dea88f026f834ad713b1dd
r_dns_a,Domain_958a0478baa22ea18bd749fe0ac737b5c9d2d6c6d178cb964faf8cc2af70f247,IP_fb224728ed60681feab8e508484bb10f6d923fb1de330288db294433c42b9d81
r_cert,Domain_958a0478baa22ea18bd749fe0ac737b5c9d2d6c6d178cb964faf8cc2af70f247,Cert_3aa9c13836903efd1bfd8b9d39b60438924486a90573544d7372259df4bd68ea
r_whois_name,Domain_958a0478baa22ea18bd749fe0ac737b5c9d2d6c6d178cb964faf8cc2af70f247,Whois_Name_db37d9bd632e12b566f1106de3405905a928f09ff12bdc96bf4aa9ca8e813541
r_subdomain,Domain_958a0478baa22ea18bd749fe0ac737b5c9d2d6c6d178cb964faf8cc2af70f247,Domain_c54f6eee8fee1333f3520695a3ee8d3a2421c258430febf266ee56cf875e9729
r_dns_a,Domain_754a128c1f156adb9daa1cc67bc7f2172a73b299c982624746064983fe66df2a,IP_1afbbb0eb1fd4c98dae7b6521d4db8d21c974225ad4612025e23a426b45c5285
r_cert,Domain_754a128c1f156adb9daa1cc67bc7f2172a73b299c982624746064983fe66df2a,Cert_3aa9c13836903efd1bfd8b9d39b60438924486a90573544d7372259df4bd68ea
r_subdomain,Domain_754a128c1f156adb9daa1cc67bc7f2172a73b299c982624746064983fe66df2a,Domain_4623575d352bf2607e4a4e5bbdfe29c27fa82b0611e7e945c2361d1dab7a7593
r_dns_a,Domain_748e0b9b22c1d6c3435ea991d574fbffe34f99ec190b9f97332847346ded082e,IP_bbe84e4c490f935be5d590d186050faf4e815de0d2f279d17acaaacb09c4ce6e
r_cert,Domain_748e0b9b22c1d6c3435ea991d574fbffe34f99ec190b9f97332847346ded082e,Cert_3aa9c13836903efd1bfd8b9d39b60438924486a90573544d7372259df4bd68ea
r_whois_name,Domain_748e0b9b22c1d6c3435ea991d574fbffe34f99ec190b9f97332847346ded082e,Whois_Name_db37d9bd632e12b566f1106de3405905a928f09ff12bdc96bf4aa9ca8e813541
r_subdomain,Domain_748e0b9b22c1d6c3435ea991d574fbffe34f99ec190b9f97332847346ded082e,Domain_376e9eaf4d1f947fe31ace7e15ef39a770583a85c9d60fc451b468e0ade708b5
r_dns_a,Domain_c7106e96880b56a12b56cbd10e2b0093879f8018a3b969e8d0fac8ecb8f7e004,IP_319d5ab4085064367cb89b2f54182cbc16d65cb2fb009c75b1c39e0ad27b7fd4
r_cert,Domain_c7106e96880b56a12b56cbd10e2b0093879f8018a3b969e8d0fac8ecb8f7e004,Cert_3aa9c13836903efd1bfd8b9d39b60438924486a90573544d7372259df4bd68ea
r_whois_name,Domain_c7106e96880b56a12b56cbd10e2b0093879f8018a3b969e8d0fac8ecb8f7e004,Whois_Name_3a42c1e54f196325bd74dad708fec2d9efaabcbbda1f8dcbc8f91009272b3c7e
r_subdomain,Domain_c7106e96880b56a12b56cbd10e2b0093879f8018a3b969e8d0fac8ecb8f7e004,Domain_9668c3ba4f6482fc46b742d36ad0c4a1931e76457bd6f08fa3ded3a70789ce64
r_dns_a,Domain_d7413d2211b83b866aba6c0bd81c6e60cbb8e3cee3798df5ac751a6526c51daf,IP_9f1952cbfb9fdada8b6d78ec7324e39d98efcfb3a5a09b3050f040a1965ec20b
r_cert,Domain_d7413d2211b83b866aba6c0bd81c6e60cbb8e3cee3798df5ac751a6526c51daf,Cert_3aa9c13836903efd1bfd8b9d39b60438924486a90573544d7372259df4bd68ea
r_subdomain,Domain_d7413d2211b83b866aba6c0bd81c6e60cbb8e3cee3798df5ac751a6526c51daf,Domain_3a7bee1be1dd4ca8adfd7a1b7dca902e856c6d12f30ce44c736bcbd60a1943a3
r_dns_a,Domain_22d288ed8fe7d21b1c93a4930c4cf85cb304c0564fa19a55c71874ecfd2dc571,IP_1bff0fcd07b225f4907f29e54836c99bbef84831f438aacd3f2cbe6c2e640e88
r_cert,Domain_22d288ed8fe7d21b1c93a4930c4cf85cb304c0564fa19a55c71874ecfd2dc571,Cert_3aa9c13836903efd1bfd8b9d39b60438924486a90573544d7372259df4bd68ea
r_whois_name,Domain_22d288ed8fe7d21b1c93a4930c4cf85cb304c0564fa19a55c71874ecfd2dc571,Whois_Name_db37d9bd632e12b566f1106de3405905a928f09ff12bdc96bf4aa9ca8e813541
r_subdomain,Domain_22d288ed8fe7d21b1c93a4930c4cf85cb304c0564fa19a55c71874ecfd2dc571,Domain_259857ec7979cda65d60d8d26c6509bad0b84816339e1c31f6efc8571f79651e
r_dns_a,Domain_c5109fe44da40ac64f2ca9b8ba62caf86ce97f794dfdd3cd740774c7e3f30f7d,IP_2010a036d0a461366ba6df52d118ce03f4ce457eb66fe623069429e11e365fec
r_dns_a,Domain_efb3c6c1154964c3fddc909311ba58f0c7045d914bef4d5a1bb5b6f0ad6d2101,IP_2010a036d0a461366ba6df52d118ce03f4ce457eb66fe623069429e11e365fec
r_dns_a,Domain_5753fb36c618bfb16ee145bc045d23eb2f7aa8333ae3d931c676861288d79e92,IP_b8a6662156c8aee1b63ec86ff5ae51c0d28858f1fade73afb78cc86831ee3705
r_cert,Domain_5753fb36c618bfb16ee145bc045d23eb2f7aa8333ae3d931c676861288d79e92,Cert_3aa9c13836903efd1bfd8b9d39b60438924486a90573544d7372259df4bd68ea
r_whois_name,Domain_5753fb36c618bfb16ee145bc045d23eb2f7aa8333ae3d931c676861288d79e92,Whois_Name_db37d9bd632e12b566f1106de3405905a928f09ff12bdc96bf4aa9ca8e813541
r_subdomain,Domain_5753fb36c618bfb16ee145bc045d23eb2f7aa8333ae3d931c676861288d79e92,Domain_a3ca2ed6f0e19571e102283bed081668aad3d657aae580af32613f15932e212e
r_dns_a,Domain_eebd6a1526869936ba876845fdd2c2efa034f0edfd6af624257e9056595527c9,IP_2010a036d0a461366ba6df52d118ce03f4ce457eb66fe623069429e11e365fec
r_cert,Domain_eebd6a1526869936ba876845fdd2c2efa034f0edfd6af624257e9056595527c9,Cert_3aa9c13836903efd1bfd8b9d39b60438924486a90573544d7372259df4bd68ea
r_subdomain,Domain_eebd6a1526869936ba876845fdd2c2efa034f0edfd6af624257e9056595527c9,Domain_e51dcd33b6a661e9b89d15639d815f421c57e916f5ed66e6efca20292c818aab
r_dns_a,Domain_0db599f1b001707418ca8e828d367bf600906318c8ed13407cb2a0afbdfabc2f,IP_fca9183306738337691f2c60d5154627ead57c4edcb0fada72704899801176d2
r_cert,Domain_0db599f1b001707418ca8e828d367bf600906318c8ed13407cb2a0afbdfabc2f,Cert_3aa9c13836903efd1bfd8b9d39b60438924486a90573544d7372259df4bd68ea
r_subdomain,Domain_0db599f1b001707418ca8e828d367bf600906318c8ed13407cb2a0afbdfabc2f,Domain_f7f2f420271e9a1e2286683717defe5d2b48ae362811499d1a4eee093c870b33
r_dns_a,Domain_d32c92ad9f5dc41b8ec480d5f1c0b5db96cb38971f03ec423ed8b8e41dbf44fe,IP_9a80f02df88da6a5c2523964322b7354571020ebff3f2f1046df806a20538a11
r_cert,Domain_d32c92ad9f5dc41b8ec480d5f1c0b5db96cb38971f03ec423ed8b8e41dbf44fe,Cert_3aa9c13836903efd1bfd8b9d39b60438924486a90573544d7372259df4bd68ea
r_whois_name,Domain_d32c92ad9f5dc41b8ec480d5f1c0b5db96cb38971f03ec423ed8b8e41dbf44fe,Whois_Name_3a42c1e54f196325bd74dad708fec2d9efaabcbbda1f8dcbc8f91009272b3c7e
r_subdomain,Domain_d32c92ad9f5dc41b8ec480d5f1c0b5db96cb38971f03ec423ed8b8e41dbf44fe,Domain_564b87f37165fc37adde5a10976bd41547c9eb3cb1f99f299c85b998f7dda0c5
r_dns_a,Domain_e51dcd33b6a661e9b89d15639d815f421c57e916f5ed66e6efca20292c818aab,IP_2010a036d0a461366ba6df52d118ce03f4ce457eb66fe623069429e11e365fec
r_dns_a,Domain_f752837b82948662f1ce93f07f5a952ccdcb384501c0570b507aac0d520a701c,IP_2010a036d0a461366ba6df52d118ce03f4ce457eb66fe623069429e11e365fec
r_cert,Domain_f752837b82948662f1ce93f07f5a952ccdcb384501c0570b507aac0d520a701c,Cert_3aa9c13836903efd1bfd8b9d39b60438924486a90573544d7372259df4bd68ea
r_subdomain,Domain_f752837b82948662f1ce93f07f5a952ccdcb384501c0570b507aac0d520a701c,Domain_b9cee62c59a1126f9635ce6a70db149dbce2d26bcb2fb951fbec3bdd2777a35b
r_dns_a,Domain_4da133c97bc577c861b5089419a2520201ba12a88237eecbf8425eba31c66a04,IP_705ffff60651d23c16b4506ef54dfdba695d0563116addbb089d57acfcba8e6a
r_cert,Domain_4da133c97bc577c861b5089419a2520201ba12a88237eecbf8425eba31c66a04,Cert_3aa9c13836903efd1bfd8b9d39b60438924486a90573544d7372259df4bd68ea
r_subdomain,Domain_4da133c97bc577c861b5089419a2520201ba12a88237eecbf8425eba31c66a04,Domain_ee0075cd5ac637d610ea2f6e21c0663fa6fcfe1b649166b82c1cb115bb96d573
r_dns_a,Domain_b9cee62c59a1126f9635ce6a70db149dbce2d26bcb2fb951fbec3bdd2777a35b,IP_2010a036d0a461366ba6df52d118ce03f4ce457eb66fe623069429e11e365fec
r_dns_a,Domain_e329473c94ce9fec0eaed862ae5b6b550482eebc80f281666d19c2c8cc377bce,IP_1821be7c59df833668e05bf9893b60bd2604ccc31333cede715f5dc968483ef3
r_cert,Domain_e329473c94ce9fec0eaed862ae5b6b550482eebc80f281666d19c2c8cc377bce,Cert_3aa9c13836903efd1bfd8b9d39b60438924486a90573544d7372259df4bd68ea
r_subdomain,Domain_e329473c94ce9fec0eaed862ae5b6b550482eebc80f281666d19c2c8cc377bce,Domain_f72dfce72df3f19d48187a7cb77568da4b6fc009db61cc530312b90f41326087
r_dns_a,Domain_e316466b38cc5726c376da6257d794a4665b44b25e008ff45b6adaaafc8bd225,IP_b5e4743afb5a2b48a64f5aa6251784a3d1e2afc14d44586bde8a1e738e44c6bb
r_cert,Domain_e316466b38cc5726c376da6257d794a4665b44b25e008ff45b6adaaafc8bd225,Cert_3aa9c13836903efd1bfd8b9d39b60438924486a90573544d7372259df4bd68ea
r_subdomain,Domain_e316466b38cc5726c376da6257d794a4665b44b25e008ff45b6adaaafc8bd225,Domain_eb9b4c921be0d00acea1948a33dfe651d2961ef4d1f6f144e0d1a1b209316625
r_dns_a,Domain_37faf1e04046841afff3a5731767e4a8e9e1768a297038942067981f49752e77,IP_4b9267d4b8cd45b884cab4f4deeded52ef94fb7c9c0442b4a3aa3201dae85728
r_cert,Domain_37faf1e04046841afff3a5731767e4a8e9e1768a297038942067981f49752e77,Cert_3aa9c13836903efd1bfd8b9d39b60438924486a90573544d7372259df4bd68ea
r_subdomain,Domain_37faf1e04046841afff3a5731767e4a8e9e1768a297038942067981f49752e77,Domain_3c7b2e53a501422835562c8a5f7c8daa06369ab8a9db3a50ef466949c3cfa63d
r_dns_a,Domain_7a9638629ad69a80aef8592d81074144df60bbcab22cbf7c545ec6485a96ce20,IP_1dc988b94494b003afdf673f986e6d23dc3217fde3273d256de9828ac766bab9
r_cert,Domain_7a9638629ad69a80aef8592d81074144df60bbcab22cbf7c545ec6485a96ce20,Cert_3aa9c13836903efd1bfd8b9d39b60438924486a90573544d7372259df4bd68ea
r_whois_name,Domain_7a9638629ad69a80aef8592d81074144df60bbcab22cbf7c545ec6485a96ce20,Whois_Name_db37d9bd632e12b566f1106de3405905a928f09ff12bdc96bf4aa9ca8e813541
r_subdomain,Domain_7a9638629ad69a80aef8592d81074144df60bbcab22cbf7c545ec6485a96ce20,Domain_680af645d727d02384c2ec6d63e9b7957f5554b0c5d470db3b278748725e4305
r_dns_a,Domain_9d6c8cb7f034fd0fc15faf1723092fe16935c747e202d8162f978e208429f43e,IP_cc40a78c12ff227b00a54af663ef2dbf5f266e05b08ed597ce173ec804e82ea9
r_cert,Domain_9d6c8cb7f034fd0fc15faf1723092fe16935c747e202d8162f978e208429f43e,Cert_3aa9c13836903efd1bfd8b9d39b60438924486a90573544d7372259df4bd68ea
r_whois_name,Domain_9d6c8cb7f034fd0fc15faf1723092fe16935c747e202d8162f978e208429f43e,Whois_Name_db37d9bd632e12b566f1106de3405905a928f09ff12bdc96bf4aa9ca8e813541
r_subdomain,Domain_9d6c8cb7f034fd0fc15faf1723092fe16935c747e202d8162f978e208429f43e,Domain_c5ef0823202cd23ce9f8e78c53cd7d39dcc1eb866460d0aecbae5ec629db7f6a
r_dns_a,Domain_cfc17f5fc5b6c4b7943c5d0579265f548219ec421f158be8206757d610f14a96,IP_d7228fc706ffc9d7b177025ce8c04b3e1965fa0d663f39219da3147655110b4e
r_cert,Domain_cfc17f5fc5b6c4b7943c5d0579265f548219ec421f158be8206757d610f14a96,Cert_3aa9c13836903efd1bfd8b9d39b60438924486a90573544d7372259df4bd68ea
r_subdomain,Domain_cfc17f5fc5b6c4b7943c5d0579265f548219ec421f158be8206757d610f14a96,Domain_d54cf641116b3bb2afe08e7be2f8ea923c68a438fd3054f2527d6bb5847c7d4c
r_dns_a,Domain_d5b280f9feca0d5c66146757b10cecd64d57195560d8ec6132ede0bbf8a49440,IP_afb6e5aeba1d4ab97ce8176ef5ece394813d02d6eef96b89732c6a698062ed87
r_cert,Domain_d5b280f9feca0d5c66146757b10cecd64d57195560d8ec6132ede0bbf8a49440,Cert_3aa9c13836903efd1bfd8b9d39b60438924486a90573544d7372259df4bd68ea
r_whois_name,Domain_d5b280f9feca0d5c66146757b10cecd64d57195560d8ec6132ede0bbf8a49440,Whois_Name_3a42c1e54f196325bd74dad708fec2d9efaabcbbda1f8dcbc8f91009272b3c7e
r_subdomain,Domain_d5b280f9feca0d5c66146757b10cecd64d57195560d8ec6132ede0bbf8a49440,Domain_6004c048f68b7c1dde00eafefa685c74270959df4fd860f8d0b4046553a32c8e
r_dns_a,Domain_ed528eec86da41e9de79a5a105f165cbeb4b0cef40bd1b7420fa65cf17c55818,IP_06f7f104750919ac60bf3bb510ec78dd7ecf790589990eb37e6c3784c60c1c18
r_cert,Domain_ed528eec86da41e9de79a5a105f165cbeb4b0cef40bd1b7420fa65cf17c55818,Cert_3aa9c13836903efd1bfd8b9d39b60438924486a90573544d7372259df4bd68ea
r_whois_name,Domain_ed528eec86da41e9de79a5a105f165cbeb4b0cef40bd1b7420fa65cf17c55818,Whois_Name_af9c8790603b2045d997ea7062e2fd93c931560ae48932b95f20085663878464
r_subdomain,Domain_ed528eec86da41e9de79a5a105f165cbeb4b0cef40bd1b7420fa65cf17c55818,Domain_43a76b7eeb61ccaf4a62e0e14bbb99267c0afef156141d3921664267d7d008da
r_dns_a,Domain_a003eda33484c1f5ae2a0ea56352a97a608f927c599c97eb702fb80421026122,IP_ffdc26f2b7605896ae2f29c2d464ceae6dad4ec43a3e2ca649aa1dcefb46e522
r_cert,Domain_a003eda33484c1f5ae2a0ea56352a97a608f927c599c97eb702fb80421026122,Cert_3aa9c13836903efd1bfd8b9d39b60438924486a90573544d7372259df4bd68ea
r_whois_name,Domain_a003eda33484c1f5ae2a0ea56352a97a608f927c599c97eb702fb80421026122,Whois_Name_db37d9bd632e12b566f1106de3405905a928f09ff12bdc96bf4aa9ca8e813541
r_subdomain,Domain_a003eda33484c1f5ae2a0ea56352a97a608f927c599c97eb702fb80421026122,Domain_20cd0beb8196f1ba809bc59e918c1755ff5862aedc45fb204e4378d576ba3f70
r_dns_a,Domain_6051a38a84645c3fe2f96fd2532ed9860dab21ac0d6af4b683b27f42c054fecb,IP_4b9267d4b8cd45b884cab4f4deeded52ef94fb7c9c0442b4a3aa3201dae85728
r_cert,Domain_6051a38a84645c3fe2f96fd2532ed9860dab21ac0d6af4b683b27f42c054fecb,Cert_3aa9c13836903efd1bfd8b9d39b60438924486a90573544d7372259df4bd68ea
r_whois_name,Domain_6051a38a84645c3fe2f96fd2532ed9860dab21ac0d6af4b683b27f42c054fecb,Whois_Name_db37d9bd632e12b566f1106de3405905a928f09ff12bdc96bf4aa9ca8e813541
r_subdomain,Domain_6051a38a84645c3fe2f96fd2532ed9860dab21ac0d6af4b683b27f42c054fecb,Domain_dea675e53bdae1ffdf70026b0af43fea4099ac7a8a3e3a11277ef75008a0740e
r_dns_a,Domain_6e42d7a851c4fc8f6eeaed27e916d38a4801ee209c655d945ece02e147fb61b2,IP_58e72a8135c6f8c4b0e84ac4fa35942e5adf3380c3ca8228a9742493ea5c37e1
r_cert,Domain_6e42d7a851c4fc8f6eeaed27e916d38a4801ee209c655d945ece02e147fb61b2,Cert_3aa9c13836903efd1bfd8b9d39b60438924486a90573544d7372259df4bd68ea
r_subdomain,Domain_6e42d7a851c4fc8f6eeaed27e916d38a4801ee209c655d945ece02e147fb61b2,Domain_d3ad282cb94bdefcb16618daf8d9762f2e8b176ee077fe3dfb4e79a3d23482af
r_dns_a,Domain_52950656620da5dcd2afb7bc4dc09b46b03fa6a0d30eb4b0c6306dc081e10ae9,IP_5c720ca1138a644ec3bcb2580cdcf275399b95f299deea1d35c52bf748f211e5
r_cert,Domain_52950656620da5dcd2afb7bc4dc09b46b03fa6a0d30eb4b0c6306dc081e10ae9,Cert_3aa9c13836903efd1bfd8b9d39b60438924486a90573544d7372259df4bd68ea
r_whois_name,Domain_52950656620da5dcd2afb7bc4dc09b46b03fa6a0d30eb4b0c6306dc081e10ae9,Whois_Name_3a42c1e54f196325bd74dad708fec2d9efaabcbbda1f8dcbc8f91009272b3c7e
r_subdomain,Domain_52950656620da5dcd2afb7bc4dc09b46b03fa6a0d30eb4b0c6306dc081e10ae9,Domain_4bc403d945a63251f70d79e4aca8db223512d1f41448ea63eecdc8e9c3576b0d
r_dns_a,Domain_90c3ae493b0fff0f9c8e09b0c163a11d04ca952f9ccdfcd36f9faf6aca8d7b21,IP_8468965f11bf78e09141208f7d52e08b708374dddd854e26dc8c48a407decd40
r_cert,Domain_90c3ae493b0fff0f9c8e09b0c163a11d04ca952f9ccdfcd36f9faf6aca8d7b21,Cert_3aa9c13836903efd1bfd8b9d39b60438924486a90573544d7372259df4bd68ea
r_whois_name,Domain_90c3ae493b0fff0f9c8e09b0c163a11d04ca952f9ccdfcd36f9faf6aca8d7b21,Whois_Name_3a42c1e54f196325bd74dad708fec2d9efaabcbbda1f8dcbc8f91009272b3c7e
r_subdomain,Domain_90c3ae493b0fff0f9c8e09b0c163a11d04ca952f9ccdfcd36f9faf6aca8d7b21,Domain_1bcf3a0010f5fb01d78816df5065ad4c05261f014f6b6ecc132c6c8eef1b1d65
r_dns_a,Domain_38e44ccf07a58e751d3e9d0e0e4d0bbfddb89b0d8a54bcf4211639c09b36a6bf,IP_6d196254a7c72e7816c754435f2a500610555724b3bfecb2f82081932df1aba0
r_cert,Domain_38e44ccf07a58e751d3e9d0e0e4d0bbfddb89b0d8a54bcf4211639c09b36a6bf,Cert_3aa9c13836903efd1bfd8b9d39b60438924486a90573544d7372259df4bd68ea
r_whois_name,Domain_38e44ccf07a58e751d3e9d0e0e4d0bbfddb89b0d8a54bcf4211639c09b36a6bf,Whois_Name_db37d9bd632e12b566f1106de3405905a928f09ff12bdc96bf4aa9ca8e813541
r_subdomain,Domain_38e44ccf07a58e751d3e9d0e0e4d0bbfddb89b0d8a54bcf4211639c09b36a6bf,Domain_a111b9c5dc63f3b8930840063db32bb4d9d6b7466194945611463e6c0b6a3c2d
r_dns_a,Domain_ffd79a1231065ffad36706c48819e8e56258cfd61a9ab19f7ecc42a792712813,IP_eb1e24c986ae667d080a19a309cbe447c088dbb44b7dd336aa96f46bf262748b
r_cert,Domain_ffd79a1231065ffad36706c48819e8e56258cfd61a9ab19f7ecc42a792712813,Cert_3aa9c13836903efd1bfd8b9d39b60438924486a90573544d7372259df4bd68ea
r_whois_name,Domain_ffd79a1231065ffad36706c48819e8e56258cfd61a9ab19f7ecc42a792712813,Whois_Name_af9c8790603b2045d997ea7062e2fd93c931560ae48932b95f20085663878464
r_subdomain,Domain_ffd79a1231065ffad36706c48819e8e56258cfd61a9ab19f7ecc42a792712813,Domain_2af6f5f1f92734608ee910082fa4b4b842e0407474536b55f6411f36dc70f9a2
r_dns_a,Domain_b749043f0946b46234ef1eb148e9034fe863e6a080a7c2fb95317302fceefe67,IP_774146879271593521463c5e112e8324cd44259424e63c203680841200402bea
r_cert,Domain_b749043f0946b46234ef1eb148e9034fe863e6a080a7c2fb95317302fceefe67,Cert_3aa9c13836903efd1bfd8b9d39b60438924486a90573544d7372259df4bd68ea
r_whois_name,Domain_b749043f0946b46234ef1eb148e9034fe863e6a080a7c2fb95317302fceefe67,Whois_Name_db37d9bd632e12b566f1106de3405905a928f09ff12bdc96bf4aa9ca8e813541
r_subdomain,Domain_b749043f0946b46234ef1eb148e9034fe863e6a080a7c2fb95317302fceefe67,Domain_712fea005cb4a6312b2fda0a1f3db7083a53abb4f84f6da3334a00079afcc183
r_dns_a,Domain_b54eed305cb470ba7f8469dcf7a0810042be76e0c5588861de1fa0d75b4505b3,IP_85420b5877cd48f0bb29e9f2f78cbe482f256be3739e5c6e91a4a836b1060796
r_cert,Domain_b54eed305cb470ba7f8469dcf7a0810042be76e0c5588861de1fa0d75b4505b3,Cert_3aa9c13836903efd1bfd8b9d39b60438924486a90573544d7372259df4bd68ea
r_whois_name,Domain_b54eed305cb470ba7f8469dcf7a0810042be76e0c5588861de1fa0d75b4505b3,Whois_Name_af9c8790603b2045d997ea7062e2fd93c931560ae48932b95f20085663878464
r_subdomain,Domain_b54eed305cb470ba7f8469dcf7a0810042be76e0c5588861de1fa0d75b4505b3,Domain_f2f3908707344ad1b0592905bb71f7af142c780b5e7ed072d6011cb254d531f9
r_dns_a,Domain_6b69b3499026d125993471c18f7b1f7d2de43e931463df93b06429b9b7ae4af1,IP_0e56448d8176195ff1b6cc4132ec8b0761472d1cb9acc8464564cb331b40fdc5
r_cert,Domain_6b69b3499026d125993471c18f7b1f7d2de43e931463df93b06429b9b7ae4af1,Cert_3aa9c13836903efd1bfd8b9d39b60438924486a90573544d7372259df4bd68ea
r_subdomain,Domain_6b69b3499026d125993471c18f7b1f7d2de43e931463df93b06429b9b7ae4af1,Domain_ba981773c4bf37a57037790991842f1e93f7c1035a1ba784d7e6b1b8a002c705
r_dns_a,Domain_c3d7b78d727c5722d9633d0fa0dee5daa0c45b2261122f954c05e972a5954a47,IP_ffad6ed1698e8d0ac80b1ff2b5699516b557695d5b31b9738031515bd4b6d87d
r_cert,Domain_c3d7b78d727c5722d9633d0fa0dee5daa0c45b2261122f954c05e972a5954a47,Cert_3aa9c13836903efd1bfd8b9d39b60438924486a90573544d7372259df4bd68ea
r_whois_name,Domain_c3d7b78d727c5722d9633d0fa0dee5daa0c45b2261122f954c05e972a5954a47,Whois_Name_db37d9bd632e12b566f1106de3405905a928f09ff12bdc96bf4aa9ca8e813541
r_subdomain,Domain_c3d7b78d727c5722d9633d0fa0dee5daa0c45b2261122f954c05e972a5954a47,Domain_fd3f6751c84be3f5212d65036d006b0b322684653283a63b55e26e68eadcaaa4
r_dns_a,Domain_f1b03392e3d5455165e8225ac93d627e38d219897cb33f03758ee3fc5ba88e06,IP_0cbb304161d3056e64e5cab1ea0886375033ef7638f20d52271967cbc4e15391
r_cert,Domain_f1b03392e3d5455165e8225ac93d627e38d219897cb33f03758ee3fc5ba88e06,Cert_3aa9c13836903efd1bfd8b9d39b60438924486a90573544d7372259df4bd68ea
r_subdomain,Domain_f1b03392e3d5455165e8225ac93d627e38d219897cb33f03758ee3fc5ba88e06,Domain_9be533fa7f3c9a645444d1cadc0ae98726167aff8f2fb0b11a02d60372608684
r_dns_a,Domain_74e9f6d3ccc32d4303eed85fa7206075e0cb2400ce9a223611132fb502366f9a,IP_c0330c1d9e15098c1b1d6cd4442723ff1be011bc7af128f9b0f750d480a5a712
r_cert,Domain_74e9f6d3ccc32d4303eed85fa7206075e0cb2400ce9a223611132fb502366f9a,Cert_3aa9c13836903efd1bfd8b9d39b60438924486a90573544d7372259df4bd68ea
r_whois_name,Domain_74e9f6d3ccc32d4303eed85fa7206075e0cb2400ce9a223611132fb502366f9a,Whois_Name_db37d9bd632e12b566f1106de3405905a928f09ff12bdc96bf4aa9ca8e813541
r_subdomain,Domain_74e9f6d3ccc32d4303eed85fa7206075e0cb2400ce9a223611132fb502366f9a,Domain_8e6aa418c6ea258bcb6e05452e0e41c05f455c96d97a652a8916c345911c9723
r_dns_a,Domain_4cf07b4335b65c969da347f52ebc51fec6140ff2833f7700507c2ca9fd5cbd1f,IP_cc3976c10dda26e27987ec81c5dbbcd14bac94807e6010a995bfd007d6f5131b
r_cert,Domain_4cf07b4335b65c969da347f52ebc51fec6140ff2833f7700507c2ca9fd5cbd1f,Cert_3aa9c13836903efd1bfd8b9d39b60438924486a90573544d7372259df4bd68ea
r_subdomain,Domain_4cf07b4335b65c969da347f52ebc51fec6140ff2833f7700507c2ca9fd5cbd1f,Domain_03ac7038b27914f4fde4dccaaa396b3830239ce4431ea669ff0403b825803293
r_dns_a,Domain_047cc2df20a84dd3749a2fd9cc1d1f5f2a617f6559a5012502f4c931a2c31a4b,IP_49628459ffeb1eefae4b6030567aa15bfd2d4bf4adce39c266714e00c0f8804b
r_cert,Domain_047cc2df20a84dd3749a2fd9cc1d1f5f2a617f6559a5012502f4c931a2c31a4b,Cert_3aa9c13836903efd1bfd8b9d39b60438924486a90573544d7372259df4bd68ea
r_subdomain,Domain_047cc2df20a84dd3749a2fd9cc1d1f5f2a617f6559a5012502f4c931a2c31a4b,Domain_e7c24b3f700664314f6a8305312bbcea0bd99f56a59ce743175274a6a7adf877
r_dns_a,Domain_9637aa8f3d96a96cb346e48f0819533ad0f81591b4f564f813c592c6a63df031,IP_cc3976c10dda26e27987ec81c5dbbcd14bac94807e6010a995bfd007d6f5131b
r_cert,Domain_9637aa8f3d96a96cb346e48f0819533ad0f81591b4f564f813c592c6a63df031,Cert_3aa9c13836903efd1bfd8b9d39b60438924486a90573544d7372259df4bd68ea
r_subdomain,Domain_9637aa8f3d96a96cb346e48f0819533ad0f81591b4f564f813c592c6a63df031,Domain_400fe4f9fb9604629182332ccad333c5ad65cadb3ab1ee68fbc3f22fd0f010fe
r_dns_a,Domain_9534b81e606bf82aff89f276999c5bf16502cfb631ff9f99f62f09105071e651,IP_4fcf7a46637750d9a48e6d4831ab7ccd82698b68af9fae1708e8a8ee49776f34
r_cert,Domain_9534b81e606bf82aff89f276999c5bf16502cfb631ff9f99f62f09105071e651,Cert_3aa9c13836903efd1bfd8b9d39b60438924486a90573544d7372259df4bd68ea
r_subdomain,Domain_9534b81e606bf82aff89f276999c5bf16502cfb631ff9f99f62f09105071e651,Domain_1e4bb0f9e771b18439299058c661ce40bf3b71e0d5b9fe906a86d7cc4d89554a
r_dns_a,Domain_7ede235147d22e90299c689a859bdce0b37c970b992b69743805fe823a169131,IP_0d7f17f27d24dcb92aabb4c065cf77d4242c2561d08fb4fce1a2a384ea8f7fb0
r_cert,Domain_7ede235147d22e90299c689a859bdce0b37c970b992b69743805fe823a169131,Cert_3aa9c13836903efd1bfd8b9d39b60438924486a90573544d7372259df4bd68ea
r_whois_name,Domain_7ede235147d22e90299c689a859bdce0b37c970b992b69743805fe823a169131,Whois_Name_af9c8790603b2045d997ea7062e2fd93c931560ae48932b95f20085663878464
r_subdomain,Domain_7ede235147d22e90299c689a859bdce0b37c970b992b69743805fe823a169131,Domain_5e49206e4d094ef4a368c1a4eb8b9e05346e3ee48a72cc0ff7b093ab0a910e59
r_dns_a,Domain_c93dd6df5033f85ee197cd72f163816944589a76113c54a6f8f110cae1e492cb,IP_e2df5221977e0c536c5280e6cbe33c5a2ad42298cdf10da1397fa4648e784b95
r_cert,Domain_c93dd6df5033f85ee197cd72f163816944589a76113c54a6f8f110cae1e492cb,Cert_3aa9c13836903efd1bfd8b9d39b60438924486a90573544d7372259df4bd68ea
r_subdomain,Domain_c93dd6df5033f85ee197cd72f163816944589a76113c54a6f8f110cae1e492cb,Domain_f53439edd4d765bc81079567fdb2894b600871ed9dbd4bde95bf8d9b00302a97
r_dns_a,Domain_953ca20f7538f258ef6813be9c8c05a19a066be8996ce2db3024ca8001ffe144,IP_8a33e7cdd57ae45e130eeb3a05a54d722f334feb7391af79370e068eb36ebb3d
r_cert,Domain_953ca20f7538f258ef6813be9c8c05a19a066be8996ce2db3024ca8001ffe144,Cert_3aa9c13836903efd1bfd8b9d39b60438924486a90573544d7372259df4bd68ea
r_whois_name,Domain_953ca20f7538f258ef6813be9c8c05a19a066be8996ce2db3024ca8001ffe144,Whois_Name_db37d9bd632e12b566f1106de3405905a928f09ff12bdc96bf4aa9ca8e813541
r_subdomain,Domain_953ca20f7538f258ef6813be9c8c05a19a066be8996ce2db3024ca8001ffe144,Domain_43990a9ef84ec423e41c91f4a4dea1ce49a5192484ec6eb0fcad7907f62075c3
r_dns_a,Domain_d80ec6f45f4e5632db25d3f377741324e1022b982cca2ff5d7e498ada9c9158f,IP_ce50fdb07143693809e382f7a08290aa3018d7a9f9d7269e6f203c05b866faa8
r_cert,Domain_d80ec6f45f4e5632db25d3f377741324e1022b982cca2ff5d7e498ada9c9158f,Cert_3aa9c13836903efd1bfd8b9d39b60438924486a90573544d7372259df4bd68ea
r_subdomain,Domain_d80ec6f45f4e5632db25d3f377741324e1022b982cca2ff5d7e498ada9c9158f,Domain_7fadee9ac5e91014cd4fef5dd4d4386771b68b3c2855c6dc903f65b9043e4272
r_dns_a,Domain_681e2855289a46db0507bfe8a5b492241a0affaa3795b73c6a03ad0f3b2590df,IP_400a235deb63e94dbf2818196f74d15648c9b1e987fafb7ca562497a3ea03f38
r_cert,Domain_681e2855289a46db0507bfe8a5b492241a0affaa3795b73c6a03ad0f3b2590df,Cert_3aa9c13836903efd1bfd8b9d39b60438924486a90573544d7372259df4bd68ea
r_subdomain,Domain_681e2855289a46db0507bfe8a5b492241a0affaa3795b73c6a03ad0f3b2590df,Domain_ebdb8b531d7835cc8d0e8564657ba06f5535d96a3f77a1b12fd34db25b4bcf89
r_cert,Domain_52a8dadb5a627eed74daa5fb66b0f600f49cb7d3d3deb6973adcd58884e4d78b,Cert_3aa9c13836903efd1bfd8b9d39b60438924486a90573544d7372259df4bd68ea
r_subdomain,Domain_52a8dadb5a627eed74daa5fb66b0f600f49cb7d3d3deb6973adcd58884e4d78b,Domain_48b670841d37a6bf36d6481b2848bbe1f329cb618a6b0e9a5ec8d85f8d1e75d6
r_dns_a,Domain_6f905a58367028745e1e8178084772a2c06cdbc2ca625664c483b74e11185a6a,IP_45374bd47ef8a9fc99a395f9d94850cd22ab97752cfe12f22be8ce51d8c852f1
r_cert,Domain_6f905a58367028745e1e8178084772a2c06cdbc2ca625664c483b74e11185a6a,Cert_3aa9c13836903efd1bfd8b9d39b60438924486a90573544d7372259df4bd68ea
r_subdomain,Domain_6f905a58367028745e1e8178084772a2c06cdbc2ca625664c483b74e11185a6a,Domain_ea1f99020c088f9370e3d91dc15e0be8e29b5f491dde97700c44a57a7b1a3544
r_dns_a,Domain_bf6919e461f37b9784b48a1a5aa610531ba78a08426ddb500be7448164628b93,IP_3bfef7b86ecd0cf7d3bd49765c67551271b2c99a175728317cb548bf51d27d1a
r_cert,Domain_bf6919e461f37b9784b48a1a5aa610531ba78a08426ddb500be7448164628b93,Cert_3aa9c13836903efd1bfd8b9d39b60438924486a90573544d7372259df4bd68ea
r_subdomain,Domain_bf6919e461f37b9784b48a1a5aa610531ba78a08426ddb500be7448164628b93,Domain_14b44f4bce448ce30e8ed740e6fb0746b123d2b8943b57ae9d7e5ca1316bf0a8
r_dns_a,Domain_7c6d555c11c12e88e71080657de3768e423397d0749d32bde15fd69f17bfe890,IP_81e4c4c02bdf578494fea8c3e79a5bbaa4b2a740c5d35ebdeba5f7bd2125b423
r_cert,Domain_7c6d555c11c12e88e71080657de3768e423397d0749d32bde15fd69f17bfe890,Cert_3aa9c13836903efd1bfd8b9d39b60438924486a90573544d7372259df4bd68ea
r_whois_name,Domain_7c6d555c11c12e88e71080657de3768e423397d0749d32bde15fd69f17bfe890,Whois_Name_db37d9bd632e12b566f1106de3405905a928f09ff12bdc96bf4aa9ca8e813541
r_whois_email,Domain_7c6d555c11c12e88e71080657de3768e423397d0749d32bde15fd69f17bfe890,Whois_Email_2e7c374df8dfbeb2a499b2686e7a448539e49a3ea9bd97ece8de39d1f1a45856
r_subdomain,Domain_7c6d555c11c12e88e71080657de3768e423397d0749d32bde15fd69f17bfe890,Domain_b52f8eb20f892291c8ec03b6e85c69e1a339df20b54368aec4ba53445594d2f2
r_dns_a,Domain_e124e30f0b9f19d6c0718026fd00ae2d31a4e9021e686f21835dddb194b2d127,IP_d7228fc706ffc9d7b177025ce8c04b3e1965fa0d663f39219da3147655110b4e
r_cert,Domain_e124e30f0b9f19d6c0718026fd00ae2d31a4e9021e686f21835dddb194b2d127,Cert_3aa9c13836903efd1bfd8b9d39b60438924486a90573544d7372259df4bd68ea
r_whois_name,Domain_e124e30f0b9f19d6c0718026fd00ae2d31a4e9021e686f21835dddb194b2d127,Whois_Name_db37d9bd632e12b566f1106de3405905a928f09ff12bdc96bf4aa9ca8e813541
r_subdomain,Domain_e124e30f0b9f19d6c0718026fd00ae2d31a4e9021e686f21835dddb194b2d127,Domain_0ff602d0d97baa7b800576c83d5aca09a0a068b31752523460380c0c75135b8f
r_dns_a,Domain_7fe7947ef4e91da26319312b4504864e3de9ab32512d196b4b8ba34891b5fdd4,IP_75211a29df51cd95b4698e169b096a4760c831c6d299f9b1a8c6768d9b866e1b
r_cert,Domain_7fe7947ef4e91da26319312b4504864e3de9ab32512d196b4b8ba34891b5fdd4,Cert_3aa9c13836903efd1bfd8b9d39b60438924486a90573544d7372259df4bd68ea
r_whois_name,Domain_7fe7947ef4e91da26319312b4504864e3de9ab32512d196b4b8ba34891b5fdd4,Whois_Name_db37d9bd632e12b566f1106de3405905a928f09ff12bdc96bf4aa9ca8e813541
r_subdomain,Domain_7fe7947ef4e91da26319312b4504864e3de9ab32512d196b4b8ba34891b5fdd4,Domain_a80eca598df1f6197bc55c1d5c685c333ff21a57ecc241e3c6a60a1a0636428d
r_dns_a,Domain_1ade5e96f18c803255cc43f5a4f0a397149331a05d70ed6acf33e7010771b2b9,IP_3a38eabb510f3eafa05d1276ab0f0b786f708e23183882eef7e1b65cd5454f41
r_cert,Domain_1ade5e96f18c803255cc43f5a4f0a397149331a05d70ed6acf33e7010771b2b9,Cert_3aa9c13836903efd1bfd8b9d39b60438924486a90573544d7372259df4bd68ea
r_whois_name,Domain_1ade5e96f18c803255cc43f5a4f0a397149331a05d70ed6acf33e7010771b2b9,Whois_Name_db37d9bd632e12b566f1106de3405905a928f09ff12bdc96bf4aa9ca8e813541
r_subdomain,Domain_1ade5e96f18c803255cc43f5a4f0a397149331a05d70ed6acf33e7010771b2b9,Domain_3fcbeaabb783f4ac2c04b7fd9ffb319d340b00243ca3c9983c7eeca1b62d166b
r_dns_a,Domain_0da2f4b65dc19047ddd6e8cf03f93d16ca1acb21e7cbcc02444df8c8f27306f6,IP_d583c0bde5fbd20916644b96f46ec155017bf1caa04847203da1238559c2f0ba
r_cert,Domain_0da2f4b65dc19047ddd6e8cf03f93d16ca1acb21e7cbcc02444df8c8f27306f6,Cert_3aa9c13836903efd1bfd8b9d39b60438924486a90573544d7372259df4bd68ea
r_subdomain,Domain_0da2f4b65dc19047ddd6e8cf03f93d16ca1acb21e7cbcc02444df8c8f27306f6,Domain_07599ec48282115481dc3d127feb7a608a3517b797641f0c12062fbf0c48dea0
r_dns_a,Domain_c1fa8e2eb91c38a0cf5a4716bf9c5afc84f385b6916c97b0663342cf28f3817d,IP_b5e4743afb5a2b48a64f5aa6251784a3d1e2afc14d44586bde8a1e738e44c6bb
r_cert,Domain_c1fa8e2eb91c38a0cf5a4716bf9c5afc84f385b6916c97b0663342cf28f3817d,Cert_3aa9c13836903efd1bfd8b9d39b60438924486a90573544d7372259df4bd68ea
r_whois_name,Domain_c1fa8e2eb91c38a0cf5a4716bf9c5afc84f385b6916c97b0663342cf28f3817d,Whois_Name_db37d9bd632e12b566f1106de3405905a928f09ff12bdc96bf4aa9ca8e813541
r_subdomain,Domain_c1fa8e2eb91c38a0cf5a4716bf9c5afc84f385b6916c97b0663342cf28f3817d,Domain_c3897c747b4e77154b069d9b3a19299dbaa30bfb44c140cb846f3bf332409dd9
r_dns_a,Domain_d71613ba78c2c36742196f73767513a67eb456b9de1fae75c94dd582af48157a,IP_a7f69e52012fda7c364b0c8d5eeb3d070a3a8b409d941c3234fea32ed76fad98
r_cert,Domain_d71613ba78c2c36742196f73767513a67eb456b9de1fae75c94dd582af48157a,Cert_3aa9c13836903efd1bfd8b9d39b60438924486a90573544d7372259df4bd68ea
r_subdomain,Domain_d71613ba78c2c36742196f73767513a67eb456b9de1fae75c94dd582af48157a,Domain_9776b112aa6fa8a07f7dcd8953e0cb07f8585f4e43b6ea8aa1c3e0b483838de4
r_dns_a,Domain_fb72848c27b9a1a841179ccd23e2d5f236298e274095fd149416aeb54a9c84f2,IP_de1cd352789a3257f52ca90cb854996b4346e26cbfe8a1909861538a6c55370f
r_cert,Domain_fb72848c27b9a1a841179ccd23e2d5f236298e274095fd149416aeb54a9c84f2,Cert_3aa9c13836903efd1bfd8b9d39b60438924486a90573544d7372259df4bd68ea
r_whois_name,Domain_fb72848c27b9a1a841179ccd23e2d5f236298e274095fd149416aeb54a9c84f2,Whois_Name_db37d9bd632e12b566f1106de3405905a928f09ff12bdc96bf4aa9ca8e813541
r_subdomain,Domain_fb72848c27b9a1a841179ccd23e2d5f236298e274095fd149416aeb54a9c84f2,Domain_33787bacc3feb3a04684df1954f5c1c5da56a496df9265e9596673b8041b287f
r_dns_a,Domain_39bedc12252951538f00be7773e262bb2850943e16d42b0b52ddcc34cab72d15,IP_705ffff60651d23c16b4506ef54dfdba695d0563116addbb089d57acfcba8e6a
r_cert,Domain_39bedc12252951538f00be7773e262bb2850943e16d42b0b52ddcc34cab72d15,Cert_3aa9c13836903efd1bfd8b9d39b60438924486a90573544d7372259df4bd68ea
r_subdomain,Domain_39bedc12252951538f00be7773e262bb2850943e16d42b0b52ddcc34cab72d15,Domain_2193490436687ba91fc7d52f9f7efc1260c855fe1694fd28bca1a57365e380de
r_dns_a,Domain_e2cf2b06e1d718f285f3c85b60b52d4e89777c7acef22d22287361594b083990,IP_ca5be4ae6ccfeadf140ed10d967d30b050dd8dc15e20c99f46b27135b4117582
r_cert,Domain_e2cf2b06e1d718f285f3c85b60b52d4e89777c7acef22d22287361594b083990,Cert_3aa9c13836903efd1bfd8b9d39b60438924486a90573544d7372259df4bd68ea
r_subdomain,Domain_e2cf2b06e1d718f285f3c85b60b52d4e89777c7acef22d22287361594b083990,Domain_4ae2750fffae34f6d6ff7ff5baad747d86c25909dae8a18528940ce45bff8689
r_dns_a,Domain_8235a7f790e9aa190c1a9f86306617088c7f81e6dc0ff3cf0aeb6d16c84bd435,IP_cfcb3f970117966c4574178e7765f009abecc08c09212995f75fb5b229878649
r_cert,Domain_8235a7f790e9aa190c1a9f86306617088c7f81e6dc0ff3cf0aeb6d16c84bd435,Cert_3aa9c13836903efd1bfd8b9d39b60438924486a90573544d7372259df4bd68ea
r_subdomain,Domain_8235a7f790e9aa190c1a9f86306617088c7f81e6dc0ff3cf0aeb6d16c84bd435,Domain_1e33b96ea567db3891f37c4ddcd9bd0e153cfeb086ba010caffe8b9cfc18bcc9
r_dns_a,Domain_609791623a00192148b5bebc658399f264e11948d67eb112eb26570eeafb2aca,IP_0332624a2baa13c99b95978fbf1a857919526d37e49c4388d49c371f313240df
r_cert,Domain_609791623a00192148b5bebc658399f264e11948d67eb112eb26570eeafb2aca,Cert_3aa9c13836903efd1bfd8b9d39b60438924486a90573544d7372259df4bd68ea
r_whois_name,Domain_609791623a00192148b5bebc658399f264e11948d67eb112eb26570eeafb2aca,Whois_Name_db37d9bd632e12b566f1106de3405905a928f09ff12bdc96bf4aa9ca8e813541
r_subdomain,Domain_609791623a00192148b5bebc658399f264e11948d67eb112eb26570eeafb2aca,Domain_2ae00245e85b9d0412aaa132e637668cbda3270ed7c2e5b21996a8f4e7f71af3
r_cert,Domain_2b812a20833fba4bdedac43aeea6b191decd421da2c779a4968f0a152f6e2489,Cert_3aa9c13836903efd1bfd8b9d39b60438924486a90573544d7372259df4bd68ea
r_subdomain,Domain_2b812a20833fba4bdedac43aeea6b191decd421da2c779a4968f0a152f6e2489,Domain_420f6490a2a6a87f427289f78805a263b6957b4d42fc108d2ff216def787153f
r_dns_a,Domain_213009f529c5816aac8a1002b4ac5c3b6fb67405cb94b88bc0cb88d7828324cd,IP_cad12a4cb5c2e2432ed8c288f45f97a98d53e2c54da726d2370b6d95adc40de5
r_cert,Domain_213009f529c5816aac8a1002b4ac5c3b6fb67405cb94b88bc0cb88d7828324cd,Cert_3aa9c13836903efd1bfd8b9d39b60438924486a90573544d7372259df4bd68ea
r_whois_name,Domain_213009f529c5816aac8a1002b4ac5c3b6fb67405cb94b88bc0cb88d7828324cd,Whois_Name_af9c8790603b2045d997ea7062e2fd93c931560ae48932b95f20085663878464
r_subdomain,Domain_213009f529c5816aac8a1002b4ac5c3b6fb67405cb94b88bc0cb88d7828324cd,Domain_c33695d50f3851a7c4d255d915b7290205b02647cc43004d2b8b48471b5d9bfe
r_dns_a,Domain_39bce505dd4a85563ae9e8b01816da6af751893bfa8f3304526bac961658320d,IP_75211a29df51cd95b4698e169b096a4760c831c6d299f9b1a8c6768d9b866e1b
r_cert,Domain_39bce505dd4a85563ae9e8b01816da6af751893bfa8f3304526bac961658320d,Cert_3aa9c13836903efd1bfd8b9d39b60438924486a90573544d7372259df4bd68ea
r_subdomain,Domain_39bce505dd4a85563ae9e8b01816da6af751893bfa8f3304526bac961658320d,Domain_745ce6e192dd3db9740dff12c52b8ef99cac3f767b9a33615e84ff1a3caee427
r_dns_a,Domain_0f42abd78fd4db51cdfe9f6678e81f20ed1509276f7d164de7b79f3285c3c993,IP_03cdd9a2eca433289778a53b593980240d6a761eeb90de26f0c900f70bfa2962
r_cert,Domain_0f42abd78fd4db51cdfe9f6678e81f20ed1509276f7d164de7b79f3285c3c993,Cert_3aa9c13836903efd1bfd8b9d39b60438924486a90573544d7372259df4bd68ea
r_subdomain,Domain_0f42abd78fd4db51cdfe9f6678e81f20ed1509276f7d164de7b79f3285c3c993,Domain_cd5dc3453c50cd66cbfa4f909db0c59b68c9c3823ee9f772ff5616d099feb8f6
r_cert,Domain_829199cc839f76d2e356e6cd09d672f2dab0f6385ff1ecb5b7f170d3033e56f2,Cert_3aa9c13836903efd1bfd8b9d39b60438924486a90573544d7372259df4bd68ea
r_subdomain,Domain_829199cc839f76d2e356e6cd09d672f2dab0f6385ff1ecb5b7f170d3033e56f2,Domain_0e42cf31ff676bcb68a52a1cd5ab583c647e42a86bbdebe9a00385ee81cd12b4
r_dns_a,Domain_50fd9581503912352c19ea0ab99fc1352880043b8c6a0c697303f7da74ff1b24,IP_cad12a4cb5c2e2432ed8c288f45f97a98d53e2c54da726d2370b6d95adc40de5
r_cert,Domain_50fd9581503912352c19ea0ab99fc1352880043b8c6a0c697303f7da74ff1b24,Cert_3aa9c13836903efd1bfd8b9d39b60438924486a90573544d7372259df4bd68ea
r_subdomain,Domain_50fd9581503912352c19ea0ab99fc1352880043b8c6a0c697303f7da74ff1b24,Domain_9883c5852ca51330431ee44e2f08ff96af228a9e9afec3be9cf776c2114b77ad
r_dns_a,Domain_5411ca4f7a79d14ecdaf04f2684369b1c1b6c7481aa9acc3bac20384aaeb4781,IP_7ee3ab446851258a0a7c0f8db0f4abbd2d05ee6b29e3ce3091308d9888fb3e6d
r_cert,Domain_5411ca4f7a79d14ecdaf04f2684369b1c1b6c7481aa9acc3bac20384aaeb4781,Cert_3aa9c13836903efd1bfd8b9d39b60438924486a90573544d7372259df4bd68ea
r_subdomain,Domain_5411ca4f7a79d14ecdaf04f2684369b1c1b6c7481aa9acc3bac20384aaeb4781,Domain_781e428c2a18bac79189ecb194e5fa2395c0d7ce7b9b9eca1626272df88a0fe6
r_dns_a,Domain_73dfffe066923c2b5ffb00f1cde352b8a802fbcba952fbeb3854f4deb84ba33f,IP_8632d4773513012257a00eefb7c10bdb648db3a8e5f3dfd7773c430847cf036b
r_cert,Domain_73dfffe066923c2b5ffb00f1cde352b8a802fbcba952fbeb3854f4deb84ba33f,Cert_3aa9c13836903efd1bfd8b9d39b60438924486a90573544d7372259df4bd68ea
r_subdomain,Domain_73dfffe066923c2b5ffb00f1cde352b8a802fbcba952fbeb3854f4deb84ba33f,Domain_5de4aec073b7872eebff742e842c8d51861700c3ffc24063cc744db4905308af
r_dns_a,Domain_e53ec8243fc1da2e3cadb03f51f6ffb26262d98f37776bdf89839289eae55d02,IP_81e4c4c02bdf578494fea8c3e79a5bbaa4b2a740c5d35ebdeba5f7bd2125b423
r_cert,Domain_e53ec8243fc1da2e3cadb03f51f6ffb26262d98f37776bdf89839289eae55d02,Cert_3aa9c13836903efd1bfd8b9d39b60438924486a90573544d7372259df4bd68ea
r_whois_name,Domain_e53ec8243fc1da2e3cadb03f51f6ffb26262d98f37776bdf89839289eae55d02,Whois_Name_8657df26b58336ed8cc69bcb44ae48212ab5d9dc33b1b75a334edfc42d22d511
r_whois_phone,Domain_e53ec8243fc1da2e3cadb03f51f6ffb26262d98f37776bdf89839289eae55d02,Whois_Phone_330aab8fc8f9c2bbfc8b4d351dfaf0d98603ef939e73ca9dd0a0591e52b83933
r_whois_email,Domain_e53ec8243fc1da2e3cadb03f51f6ffb26262d98f37776bdf89839289eae55d02,Whois_Email_9d7fb1edd9a1edb222a137d27c1aa53318b0d06f7f13d324e75a2a7e7d30ed87
r_subdomain,Domain_e53ec8243fc1da2e3cadb03f51f6ffb26262d98f37776bdf89839289eae55d02,Domain_f1672a3cfa875dd78e68de20c07519ff2b375910b5df145387dcf2ef51ea2b92
r_dns_a,Domain_a1098ccd3c8b44362070f30fbf59a62bf4a63859b53afa3de7900f6c05f29d09,IP_96de0f0acab70d4fe3271fb04f78fad235a8d3f0602b9b3a4a90009ae56c7eec
r_cert,Domain_a1098ccd3c8b44362070f30fbf59a62bf4a63859b53afa3de7900f6c05f29d09,Cert_3aa9c13836903efd1bfd8b9d39b60438924486a90573544d7372259df4bd68ea
r_subdomain,Domain_a1098ccd3c8b44362070f30fbf59a62bf4a63859b53afa3de7900f6c05f29d09,Domain_fa8d45b451ab1c4bb957f999f77b684c50960778b242ad0e2eb5d0e488b23b8b
r_dns_a,Domain_fa8d45b451ab1c4bb957f999f77b684c50960778b242ad0e2eb5d0e488b23b8b,IP_96de0f0acab70d4fe3271fb04f78fad235a8d3f0602b9b3a4a90009ae56c7eec
r_cert,Domain_fa8d45b451ab1c4bb957f999f77b684c50960778b242ad0e2eb5d0e488b23b8b,Cert_3aa9c13836903efd1bfd8b9d39b60438924486a90573544d7372259df4bd68ea
r_dns_a,Domain_973f06b458fac6279259f4d3aaf9943dcca33755e2c374cfafed9e512c8c0967,IP_7ee3ab446851258a0a7c0f8db0f4abbd2d05ee6b29e3ce3091308d9888fb3e6d
r_subdomain,Domain_973f06b458fac6279259f4d3aaf9943dcca33755e2c374cfafed9e512c8c0967,Domain_defa32617105b9b7d2847aed53017ad20000f9d0723bc9952ac31513c2ec6960
r_dns_a,Domain_defa32617105b9b7d2847aed53017ad20000f9d0723bc9952ac31513c2ec6960,IP_7ee3ab446851258a0a7c0f8db0f4abbd2d05ee6b29e3ce3091308d9888fb3e6d
r_cert,Domain_defa32617105b9b7d2847aed53017ad20000f9d0723bc9952ac31513c2ec6960,Cert_3aa9c13836903efd1bfd8b9d39b60438924486a90573544d7372259df4bd68ea
r_dns_a,Domain_781e428c2a18bac79189ecb194e5fa2395c0d7ce7b9b9eca1626272df88a0fe6,IP_7ee3ab446851258a0a7c0f8db0f4abbd2d05ee6b29e3ce3091308d9888fb3e6d
r_cert,Domain_781e428c2a18bac79189ecb194e5fa2395c0d7ce7b9b9eca1626272df88a0fe6,Cert_3aa9c13836903efd1bfd8b9d39b60438924486a90573544d7372259df4bd68ea
r_dns_a,Domain_5c1f26c85ac4439ed600fd5d8ddecff04e05cd12014dfa506d476fe800b94cc5,IP_cb61353035b8c14bd720ffb11632f5ec6731ede75b49d2a4b31019ff12075090
r_cert,Domain_5c1f26c85ac4439ed600fd5d8ddecff04e05cd12014dfa506d476fe800b94cc5,Cert_3aa9c13836903efd1bfd8b9d39b60438924486a90573544d7372259df4bd68ea
r_subdomain,Domain_5c1f26c85ac4439ed600fd5d8ddecff04e05cd12014dfa506d476fe800b94cc5,Domain_68a81011f40a3fd72e2828c44bd107d70228d895934fc348fd9e41f0e626233d
r_dns_a,Domain_68a81011f40a3fd72e2828c44bd107d70228d895934fc348fd9e41f0e626233d,IP_cb61353035b8c14bd720ffb11632f5ec6731ede75b49d2a4b31019ff12075090
r_cert,Domain_68a81011f40a3fd72e2828c44bd107d70228d895934fc348fd9e41f0e626233d,Cert_3aa9c13836903efd1bfd8b9d39b60438924486a90573544d7372259df4bd68ea
r_dns_a,Domain_80649565f8ee37cf37c433ba35aea119763c4567f51b657d361442968bb70558,IP_cb69a11246851a0c6d7cdd2af5926b74d1b8c095799e6d8c0a74e7230d4706de
r_cert,Domain_80649565f8ee37cf37c433ba35aea119763c4567f51b657d361442968bb70558,Cert_3aa9c13836903efd1bfd8b9d39b60438924486a90573544d7372259df4bd68ea
r_subdomain,Domain_80649565f8ee37cf37c433ba35aea119763c4567f51b657d361442968bb70558,Domain_e26e2305f9f752282a3963841529a995edd7d1aceacb2942b9dcf76276560b27
r_dns_a,Domain_e26e2305f9f752282a3963841529a995edd7d1aceacb2942b9dcf76276560b27,IP_cb69a11246851a0c6d7cdd2af5926b74d1b8c095799e6d8c0a74e7230d4706de
r_cert,Domain_e26e2305f9f752282a3963841529a995edd7d1aceacb2942b9dcf76276560b27,Cert_3aa9c13836903efd1bfd8b9d39b60438924486a90573544d7372259df4bd68ea
r_dns_a,Domain_905ec49c5e5ab15aad520460a950ef9d65d48b1b43a1ee57d1e7b162b18bab56,IP_e322ee6cdcc26522679bd7205e06250c6d77eac394014db263ebcf3f76e9fd88
r_cert,Domain_905ec49c5e5ab15aad520460a950ef9d65d48b1b43a1ee57d1e7b162b18bab56,Cert_3aa9c13836903efd1bfd8b9d39b60438924486a90573544d7372259df4bd68ea
r_subdomain,Domain_905ec49c5e5ab15aad520460a950ef9d65d48b1b43a1ee57d1e7b162b18bab56,Domain_bd8919f33955b00380d42cb34c1fb271f1b88133543c3978cb776334d471ee4f
r_dns_a,Domain_5e12a3c406f22a511bba48f889f1120f5739642e7586309c11a55f1bd5c603b5,IP_e322ee6cdcc26522679bd7205e06250c6d77eac394014db263ebcf3f76e9fd88
r_dns_a,Domain_caeeaebd2a49707b466ecca61a1d223f669ea84f414cbad316aed17d2731d70c,IP_e322ee6cdcc26522679bd7205e06250c6d77eac394014db263ebcf3f76e9fd88
r_dns_a,Domain_bd8919f33955b00380d42cb34c1fb271f1b88133543c3978cb776334d471ee4f,IP_e322ee6cdcc26522679bd7205e06250c6d77eac394014db263ebcf3f76e9fd88
r_cert,Domain_bd8919f33955b00380d42cb34c1fb271f1b88133543c3978cb776334d471ee4f,Cert_3aa9c13836903efd1bfd8b9d39b60438924486a90573544d7372259df4bd68ea
r_dns_a,Domain_9776b112aa6fa8a07f7dcd8953e0cb07f8585f4e43b6ea8aa1c3e0b483838de4,IP_a7f69e52012fda7c364b0c8d5eeb3d070a3a8b409d941c3234fea32ed76fad98
r_cert,Domain_9776b112aa6fa8a07f7dcd8953e0cb07f8585f4e43b6ea8aa1c3e0b483838de4,Cert_3aa9c13836903efd1bfd8b9d39b60438924486a90573544d7372259df4bd68ea
r_dns_a,Domain_be8566be314ff7a554cf419ed7466a3a3b9ec363fab1d9e6aabfd042854b7a69,IP_a7f69e52012fda7c364b0c8d5eeb3d070a3a8b409d941c3234fea32ed76fad98
r_dns_a,Domain_7f2962c806a95b517cb5fdb25b8d80ff06ac2708af216a765d45501260a4807b,IP_a7f69e52012fda7c364b0c8d5eeb3d070a3a8b409d941c3234fea32ed76fad98
r_dns_a,Domain_a474939778c565cbf2ab89dd3e68594e76844d5285470f755c946c41307b62f1,IP_a7f69e52012fda7c364b0c8d5eeb3d070a3a8b409d941c3234fea32ed76fad98
r_cert,Domain_a474939778c565cbf2ab89dd3e68594e76844d5285470f755c946c41307b62f1,Cert_3aa9c13836903efd1bfd8b9d39b60438924486a90573544d7372259df4bd68ea
r_subdomain,Domain_a474939778c565cbf2ab89dd3e68594e76844d5285470f755c946c41307b62f1,Domain_0b2253754dd17e045e92f48ca02ec0c27e0e71368f966d827f4a4daa3701263f
r_whois_name,Domain_a474939778c565cbf2ab89dd3e68594e76844d5285470f755c946c41307b62f1,Whois_Name_3a42c1e54f196325bd74dad708fec2d9efaabcbbda1f8dcbc8f91009272b3c7e
r_dns_a,Domain_0b2253754dd17e045e92f48ca02ec0c27e0e71368f966d827f4a4daa3701263f,IP_a7f69e52012fda7c364b0c8d5eeb3d070a3a8b409d941c3234fea32ed76fad98
r_cert,Domain_0b2253754dd17e045e92f48ca02ec0c27e0e71368f966d827f4a4daa3701263f,Cert_3aa9c13836903efd1bfd8b9d39b60438924486a90573544d7372259df4bd68ea
r_cidr,IP_9a80f02df88da6a5c2523964322b7354571020ebff3f2f1046df806a20538a11,IP_CIDR_2132f6586ebd582c25366f26946e1ea2b3a2165729372970da28cad86b77dbdf
