id,name,type,industry
Domain_8718cffd3ad7c0cca85f2da2ddd6accb1cd6e90a5c2f3c8153f7ceeab868e3a8,8718cffd3a.com,Domain,['B']
Domain_03c7eea4e869399d1fd55549451e02a0a682acb1a76ef08405f4af232668b979,03c7eea4e8.com,Domain,['B']
Domain_25044bb9c5f4a65fbe433fcf3ab8920338df3c1e24face6862e8a4473652da20,25044bb9c5.com,Domain,['B']
Domain_faf478d16fdab3b283f2765ce1ab5d5f3bd6af24139a5fa790ca7371bffa096b,faf478d16f.com,Domain,['B']
Domain_d747b649b93c45f80645ff7655c7e25c0b637351efbac982f23241934e545c8c,d747b649b9.com,Domain,['B']
Domain_de8c6db52183f7a47a4cff145e6fa4cde13a4cddea4221795ffdd18c79c8abc0,de8c6db521.com,Domain,['B']
Domain_f1567c92ba32b4a3c063f5aca7de0ec5b60743b0906268be6e2857ae95d9ab01,f1567c92ba.com,Domain,[]
Domain_69a6c3267c06a2ba0acad1b62116dac0a0b0290625970034ae3de3347e901455,69a6c3267c.com,Domain,['B']
Domain_455f28db4fc5e56f09ff58f97ce7d08e60a5918289ee840975cf1e9d15c1172a,455f28db4f.com,Domain,['B']
ASN_99fdfffd6903a124519df33f4b37e1b45bc7234f26c783f7254f09235b9ca30f,AS_99fdfffd69,ASN,[]
Domain_08cddabf461316cf5d46911428177077c3ed1521404a2ce597866d460418a310,08cddabf46.com,Domain,['B']
Domain_557888f637872bea550b8e30f687b8b899bd5ea66f0a717ce687fdf5686d5c60,557888f637.com,Domain,['B']
Domain_159fc7cd914987784de121fe4330ea8bb197c89ca2456444a3f3e3a4833a1b60,159fc7cd91.com,Domain,['B']
Domain_e671a4ce90603bfe7fd065e49af7d1728e188036733abf8c114723f9be124ce5,e671a4ce90.com,Domain,[]
Domain_edbcb63bbe0d97e1fef501495b346284be245c02b1c0df22da72dea648f13ffc,edbcb63bbe.com,Domain,['B']
Domain_c48842d2c78e1b768912c754886caf85dd04ac76a7119f29b5d9cf105c941bb8,c48842d2c7.com,Domain,['B']
Domain_e19fbd11c7d175cd3123622162ccec7d036430d348f4167f492f86b3a4b4b1a8,e19fbd11c7.com,Domain,['B']
Domain_5509a486d43446a3434f0d72d3305fade6bc7bbdec705b1a400a778786120c29,5509a486d4.com,Domain,['B']
Domain_beda3a25f34bab171cad24a0cd91c62e6e54fa84d4a8a8050653219655607289,beda3a25f3.com,Domain,['B']
Domain_a818d7bd328c657fde665bcd099062300615d82ff3f49f963acb05c01cef4397,a818d7bd32.com,Domain,['B']
Domain_181054ae211d8a55a76ddfce12c60bcc8ea9b0e1df39d070bdd9ca4edfa7cf7c,181054ae21.com,Domain,['B']
Domain_259e54fd0ecec3d1adcbcbbee63398c00ec02a188157335166ac06714935b4f6,259e54fd0e.com,Domain,['B']
Domain_31fc74657aad0ae13753ee82beef5b3d8e7a1eabdf28e4487b8f3d4bc433b6e1,31fc74657a.com,Domain,['B']
Domain_3f6c25993c14cf21a7ad267466639fcd15bbd53408fe74fac140a6e851835d7c,3f6c25993c.com,Domain,['B']
Domain_1d4b5bce32b7cb9ba324b6b464b422ce937a88d7198e5605f53154fe40d476fd,1d4b5bce32.com,Domain,['B']
Domain_a98918b0669592e8d7322be172f60900574a055d2a144f71360ffd5946925977,a98918b066.com,Domain,['B']
Domain_997826b7ac775d81c92505bf82786df8a33313eb2aa4cdb152581c929c6913cf,997826b7ac.com,Domain,['B']
Domain_bf4eabca780e0b775ae03037601a43540acccdccde247f5ffa68c0faf458e600,bf4eabca78.com,Domain,['B']
Domain_230233c5c0d4f05d868362cd28bae81294bcabdec7594a661d2e7efb7084e675,230233c5c0.com,Domain,['B']
Domain_b7b245851dbf52f7929b74ce0c7d691d368fbc996964e695c2f85bbee314a0ee,b7b245851d.com,Domain,['B']
Domain_842be1ff0a5929b79686ceb9b6e9300afaac9f42278185921efcddec5d7cdced,842be1ff0a.com,Domain,['B']
Domain_db539388ebf79d8196d2156501df13d74302088b1ffb1d90505fb9119e7d702a,db539388eb.com,Domain,['B']
Domain_fa221c6b280eaa1ec10b0cfdb76791f2c7b4c58c6e45bed094467cbf3850eb4b,fa221c6b28.com,Domain,['B']
Domain_5cb8fa18f867494911abad46707e9a51e502853ce7d661880a8515a286a6a903,5cb8fa18f8.com,Domain,['B']
Domain_40c5ea60d04075dee771e32c9a42c290dcae49502c268552835063c937073af1,40c5ea60d0.com,Domain,['B']
Domain_28d4802b8e96702f5470056adb30ea87048981e879d06cea38b8b68f6db20462,28d4802b8e.com,Domain,['B']
Domain_eb1e105098519da5118649e4f287fbaae98801d115c4541dedc3734fa5cb2704,eb1e105098.com,Domain,['B']
Domain_cdf19281f13ffeeb4d8c362d21606171fa7f4d54839bd56563dc029617b2a8d0,cdf19281f1.com,Domain,['B']
Domain_d4e634765901e712370f8b3141a783d26a58703d670b44a432e7044835a55bb1,d4e6347659.com,Domain,[]
Domain_98303f1b6c3332ff76c0d0d5b7da7e7fff1be875fe15a4937417f28292cdbe46,98303f1b6c.com,Domain,['B']
Domain_d55f498a271b16374390d1f981fd0074920b36a7a65ba517675893a88bf9e88b,d55f498a27.com,Domain,['B']
Domain_0cf85529eaf32af19dc0afb1c950a611697c375cb5b3436b59458a9b837ac88e,0cf85529ea.com,Domain,['B']
Domain_3bf5d333ac1ea518cb6b1968dc58186bdba216254ced9126bf8afcd558d37086,3bf5d333ac.com,Domain,['B']
Domain_bfdb27e24733b510967d77c8f096f408df81457976bd7c12cfc5c6244dd3d81d,bfdb27e247.com,Domain,[]
Domain_884b3f2e0ade976223acc43f80683b7fc437109b00a75a29d2d861c101790075,884b3f2e0a.com,Domain,['B']
Domain_e04a9443d2135892cacec9321cf56a83e37c5df392f25bf1939e62edd15bc819,e04a9443d2.com,Domain,['B']
Domain_3bf7aa352cbbc0454ce9c1905e1552238a78670a42ab21c970799f665f5b9832,3bf7aa352c.com,Domain,['B']
Domain_175c39800930758ed63689ce47ec117a8fa6e3cccac41b0b4bdcfee38d7d19c3,175c398009.com,Domain,['B']
Domain_293b67b07e90f36f86f3f660c450fbac231d3eaed4f515f21a8ddfb302c91d7c,293b67b07e.com,Domain,['B']
Domain_df329e3ee12e4908cc309d6791ff987ad2c937c34880042b7d6e1ba901f25d8e,df329e3ee1.com,Domain,[]
Domain_f3c3795ac98419838081ace95b814a2518f900583231fb8b4b0434b934dd9903,f3c3795ac9.com,Domain,['B']
Domain_ebce372b4feaae559eea7c224f10bdfaf2d440e40f30b3808d21cf52e2f42596,ebce372b4f.com,Domain,['B']
Domain_9b0887b33da347129952bb1c3470c41323424663af638a5d137f1cbe6e04e532,9b0887b33d.com,Domain,['A']
Domain_08363bfedb7bacad889c366499f8fa14fcb39d645a36c44ace2d39fd32c4821c,08363bfedb.com,Domain,['B']
Domain_c29ce943ba8c2d7c8dc2e85c3d68284d7f0f19d36161a3e05a8f3fab5956d615,c29ce943ba.com,Domain,['B']
Domain_211c57bcbd6e8fd88b099ae883aa44c078f4a8a7da4adbe49f3edc36660ebc44,211c57bcbd.com,Domain,['B']
Domain_0d291e2c83354b0d181116e6ea74b5c347d9629c5d6b5f5669ca514698c3734e,0d291e2c83.com,Domain,['B']
Domain_e5a34831e7e79f711909a1599cce9112d16e021b3be4d35add55d79bd3294940,e5a34831e7.com,Domain,['B']
Domain_6596ba51dc86e7aa71e56682b01e8bab24806bc3121d175e4abdc0a300ff3a77,6596ba51dc.com,Domain,['B']
Domain_313090fea85a74d703e342453d90b968a04015b8b4653ac04a4c9c6a003c42f9,313090fea8.com,Domain,['B']
Domain_473503f70cb3f7eb0146b0e85724594a7c17e69203596f7149fcac8f09b9de78,473503f70c.com,Domain,['B']
Domain_ef8f73d7f6a61cfc4ef53d0e75bf194a892e33bac1bd8b22d4ec92b23de3e056,ef8f73d7f6.com,Domain,['B']
Domain_a0cc0d5d26b187d4640cc941f303bb096c4eb5be7cb9ca2a26dea1287de1020f,a0cc0d5d26.com,Domain,[]
Domain_990dd764ad4d23b83c3304dcb0b75b1abcd89ec6049a2ce80db7b700059efc66,990dd764ad.com,Domain,['B']
Domain_e593311b5112e9559154bb35577fe96c533aef2c1e19a316cc9acb891011b48f,e593311b51.com,Domain,['B']
Domain_c03c8ee1193819520b1a13363ad88c0c8f178e9c59c64db9769f9669c2a5610b,c03c8ee119.com,Domain,['B']
Domain_11d28d08af640ba8b7c54ac8a5dd5449254f9fc20ed99ad7c4826b2ab4d9e07e,11d28d08af.com,Domain,['B']
Domain_de036f7986361cad84a67fd17e43b1fa634cad5f491e181b6aa720a67808662d,de036f7986.com,Domain,['B']
Domain_0a4624362b1afba018a614a8a07c7335618c72deca79d60ae8fb4d444a36f749,0a4624362b.com,Domain,[]
Domain_24c80c7e649dfac01d1f7db619ee67dee82f66f91e5508c1b43c7f93d1eb626b,24c80c7e64.com,Domain,['B']
Domain_06bb335907571bc453a9d5084accbbd7581c38e6fcab078228666585ce18a314,06bb335907.com,Domain,['B']
Domain_e7598fb15300000e1147723bef445220ce154fb8aff4a84424e36cc321a339c4,e7598fb153.com,Domain,[]
Domain_d7f5884ee2b75802534f687e0689db04df0914397bd52263dfe75d10b8dbb759,d7f5884ee2.com,Domain,['B']
Domain_a92653b760b6dd69b8fb2bd182558469b5299c0b5e3459fc824a1cd3579544a9,a92653b760.com,Domain,['B']
Domain_f75f7726393678a405d3864576a910baba4a457b26e649a79065ab4e35a5192b,f75f772639.com,Domain,['B']
Domain_be02475eeb5ae86fa9dcf3950c91fb3b794958f96a4f166c5d5524907f35a916,be02475eeb.com,Domain,['B']
Domain_051fad50c4dcbb931409fe26a2d94c86b9c766cd421992ac05c6bf0300163ea3,051fad50c4.com,Domain,['B']
Domain_d0e76fa418e0099749ee46934e1a5a627c91ea3cf4e343c26cd791d5ff51bc3a,d0e76fa418.com,Domain,['B']
Domain_dcc5a01d87c8dffb24ecb58b2ca3d262944af96ce2ff5d8663594524e029666d,dcc5a01d87.com,Domain,['B']
Domain_0d2835fd5c2f4abe8ef43ccb572d5f16d333f7f3daa348b7ad5cd3f7d42ebdb4,0d2835fd5c.com,Domain,['B']
Domain_d46cfa6117add2d33388d3fed26fec8815b5ea4925b12696e6902d049b51d67e,d46cfa6117.com,Domain,['B']
Domain_c7c66bd248ccf2f5dd90903110d7246bd1667f3bae0957b986df65d64616cf86,c7c66bd248.com,Domain,['B']
Domain_9450eb53e9b8b5b921ceafdf687ba2ffa9b4dbd7a32b42129c4026838e1bce72,9450eb53e9.com,Domain,['B']
Domain_32b324c8063571eb7045b3ebcd70c292e4a0d7484db71f4ef01f5872e4daa326,32b324c806.com,Domain,[]
Domain_1da67a91dbd7f671f8902a09c40bfc0b9ca70096c0a83a194a7b5af003b01e1c,1da67a91db.com,Domain,['B']
Domain_46c51dea8a8a9564adadfa4ffd571d7c9571ec6a31ae544ffd45f6c17e6747b1,46c51dea8a.com,Domain,[]
Domain_5f739a7a4ba00592ac1f3eee3d1f8988e96f48eb827b4cff6320a14bad0e14d0,5f739a7a4b.com,Domain,['B']
Domain_96011b6dc4009ac1e3efa94a5083a25c2d98a1e31338a154f275a950ac1a877d,96011b6dc4.com,Domain,['B']
Domain_0c6cf85ba79d02f57aa8762f34dded677afca25a0cd9bf6975fcdd5c50ebaa46,0c6cf85ba7.com,Domain,['B']
Domain_799f12fbf2b2707c9292f91b57d2f36c6b37e65c6d838eee3af88372e3784b6c,799f12fbf2.com,Domain,['B']
Domain_38a3c700937b1998e2c7bbf4fbffa06fc949eaa25c7a6115e07a278830ab0fd4,38a3c70093.com,Domain,['B']
Domain_fdc90a36f5cb47d5cc6c10d6fd95ae9b4fb57e09b54e6e55b2a95c5bef218a4e,fdc90a36f5.com,Domain,[]
Domain_20be2243f79ed793cd0a5418673154519424884b7f8bbce66ef72618b2f3d6c9,20be2243f7.com,Domain,['B']
Domain_aa8684adc56f5ea01c258c8ecd97b3881fd9de2192c1838464e6b77289795c1f,aa8684adc5.com,Domain,['B']
Domain_9e9c4fd5e5c16802b378dbf552a30a2043900afe01f59b9c093f9dc7f48a5f4d,9e9c4fd5e5.com,Domain,['B']
Domain_44039698bf9162a563f0bdc877174a6c3095c2f21583b19f73d9bc49eb547dc1,44039698bf.com,Domain,['B']
Domain_f4068b776da2fcede99d7a88a180963f49df77f74edaf13a2ed3c3bd60baf240,f4068b776d.com,Domain,['B']
Domain_f06444bd5c35ecb5037de5bde89d9d4b70d4d5d673368eb0f485579fdef45b1c,f06444bd5c.com,Domain,['B']
Domain_6f37e4592ce6d27cf6fbaac6f63e23eb15812ee80e75a0f1225b9c5d66db873c,6f37e4592c.com,Domain,['B']
Domain_9baede0b4e2b957e1be68b6c8070f737f13de8bf908b6a3a67832157aabbe835,9baede0b4e.com,Domain,['B']
Domain_8b90c91948fef31eec7323884dcaaf4b60201ba591d6288d71e9a38df63659f1,8b90c91948.com,Domain,[]
Domain_e516de881b7cd0c7212dad95f088ffbc4734b44af11a26a0da1af0b66e453887,e516de881b.com,Domain,['B']
Domain_c334cf827fed203857707c2c967a34bcd57ab8a0fbcc32d37c470fd196efbc0b,c334cf827f.com,Domain,"['G', 'B']"
Domain_c142daeec513050c95cc22c21c20cae1c514f96e983fc134f93c5f57fdaa779d,c142daeec5.com,Domain,['B']
Domain_d7bd1007d6f5d9821e89941723d3fcf498cf6ace79c6193960ac412f7305b2f7,d7bd1007d6.com,Domain,['B']
Domain_0b68707a32b02544b5d3678f77be67e3a6286780e79cb237e852386f28ee2ac3,0b68707a32.com,Domain,['B']
Domain_e85dc3100fe65380bccc56d03f120208020fd30f11ade55cc523bf7e6e217e29,e85dc3100f.com,Domain,['B']
Domain_995365759575c89e7343b1df1674894e9bea0a9760138a0ff513d9a2ce36f9de,9953657595.com,Domain,['B']
Domain_802a6d7e98548023860bf40b50295d48781496451daf11fb516559b18eef9742,802a6d7e98.com,Domain,['B']
Domain_ffbac55cce51128cf09d9d58598d1f5fc4665bf3e310b445820d7ea982a4423c,ffbac55cce.com,Domain,['B']
Domain_baa4a9a735887ca05241b265729925ef24ef76c7e83f2316a8ebf5216dd891bc,baa4a9a735.com,Domain,['B']
Domain_6ea069320bb65d6d51652c86ed04655ebba8aaae234a5671b47c948d0f62c215,6ea069320b.com,Domain,['B']
Domain_b3d8afb6d2f6a5d48e47230b053f64cafb84c6c278565a684c05a9e1a24f3f1e,b3d8afb6d2.com,Domain,['B']
Domain_9073790f06d3289b322b6283c853ba609c08553cdf45e00052e84f5192c83ae9,9073790f06.com,Domain,['B']
Domain_bc054d9c056e6fd662a008cd13577e9c6247fcdd81eca50e7ee685f42f616a5c,bc054d9c05.com,Domain,['B']
Domain_1daf8b0ed529825374a56a91235cb1de64f629df97d2e18c13573f4f319b3b2c,1daf8b0ed5.com,Domain,['B']
Domain_fc62004a57c06e5245dd5f631e3b1f8b760d83d1fc9029bbc6502061cdc6cfda,fc62004a57.com,Domain,['B']
Domain_f2737f1ad92c212fe649379d2147bfbf6d800ca1f3a96ad842521118e7ad1921,f2737f1ad9.com,Domain,[]
Domain_e899bc4707c2c759e470f99c4c75b218fb17d8d6ba9c882d72be9e342c027923,e899bc4707.com,Domain,['B']
Domain_3b16473d4528bb00fe0741fd98f4d57eddea464e122a62eb1a9b6352b4a11152,3b16473d45.com,Domain,['B']
Domain_c1fbcbe824e7e6ebe0d521e0a9eadd458c91ff3452cc9703c6bc2c0c1d798ffe,c1fbcbe824.com,Domain,['B']
Domain_ffb4c6f42928ddb6a998ab5c8e7c3b8ca5538aa4f2f9a2d3fdd633d266f27d24,ffb4c6f429.com,Domain,['B']
Domain_049d9b5f7a3331dec405cf94034208e17239dd7fdc633b49100a1be44382e17d,049d9b5f7a.com,Domain,['B']
Domain_9bdba594dd65aeb7cd3063f91c666d7115240fbb5cbc6e91fcb799add8686d31,9bdba594dd.com,Domain,['B']
Domain_ccc221327529dfbcaf8b0f3da2f6448fb1564ad593084122b2c6aad22176a972,ccc2213275.com,Domain,[]
Domain_27de6af0c8bd208f77fd22ba598474889639c150414147d125f8b1b22cc1f9f3,27de6af0c8.com,Domain,[]
Domain_07f3d562df1111962a9fc88cf31163b7afca6746eab50165e378ba58dd1b01ae,07f3d562df.com,Domain,['B']
Domain_abeeafce1fc85271217cd84cb8c951bad2e9527bd59c468c59dc0a3aedaa760f,abeeafce1f.com,Domain,['B']
Domain_2841955c59ff8204a7e42730dda76b70b250a52eb6c53196e0a800b27da0e497,2841955c59.com,Domain,['B']
Domain_cccf1cff7681d608b7f52120be09b16cdae7884607b733808a383c63eaa05c0d,cccf1cff76.com,Domain,['B']
Cert_87646b0f3e6fe83ef4e8b49f90848f9e0a5f635c15ff10f98132cf1637e961ff,87646b0f3e,Cert,[]
Domain_d239f511a6dc5d65d954dfff5c782fe9fc993a89e242036070bc5c3dd25cc429,d239f511a6.com,Domain,['B']
Domain_6929e72afaf2cc0b6c242e17b774bf2918395a90b52d7309aa7089c138806b93,6929e72afa.com,Domain,['B']
Domain_0d4d03064321178c16bc58f730492ebc8e6b0756a7a73db0806228af75eebec1,0d4d030643.com,Domain,['B']
Domain_dffc66637d23c38ffbeaf78bd8b0b2610121aabf1aa5935f1fbf15e998421a81,dffc66637d.com,Domain,['B']
Domain_2d39c459a80aba46968b8de7becb983a585971bbb2d83bcd74923e01110dfe8d,2d39c459a8.com,Domain,['B']
Domain_99b78460a06b4d863fd6ea6298d231d578b50c41ad973eedb739a7f2c0bef060,99b78460a0.com,Domain,['B']
Domain_61e0c03d4acab59a7ddfd903865ee6ea4f523b5a1a162c9765cc540d097982c8,61e0c03d4a.com,Domain,['B']
Domain_25db2c69b7e4c665ca7955d4c516010192ec6de2ec7d6ae3351507800dd3aac8,25db2c69b7.com,Domain,['B']
Domain_24e24f9575da6eb1c8062c5d79a4b1494f8325b69c818d3a45d4f9293aa09ef7,24e24f9575.com,Domain,['B']
Domain_cf80a2f50c2588c08aabb868e722650badb0dfc54939cdb94c7575d461d769b9,cf80a2f50c.com,Domain,[]
Domain_295ff5f107e75312c43f4dd8c00ca76c39c877edfc93097b83dc892669168893,295ff5f107.com,Domain,['B']
Domain_9078dd8b2f04fa42ff41b8fc7c1ac78243771bd414a9ee616fc92b26a74461e0,9078dd8b2f.com,Domain,['B']
Domain_117790f61d566ef7909284b928fb58c975e4b2f0e9aac263f4e9e8d2b297f597,117790f61d.com,Domain,['B']
Domain_382063ec5894e0ab97be4a4e059ed063a03ae2505b365fa83889b0419758a6d3,382063ec58.com,Domain,[]
Domain_b513384de428fa00b9d3db0a8b77d0ce85b1c58317b073d8fb0d0f58e78eeed4,b513384de4.com,Domain,['B']
Domain_a313d3340f0d33ad3efea1ea022cd6bf2eb95efa668a8369e4b9af24ea0e41b0,a313d3340f.com,Domain,['B']
Domain_22d700161501a657cd497ae552b9fc0db84536e0e199851bfd68b8264aa3be12,22d7001615.com,Domain,['B']
Domain_902812974da31efcde23399f9c34b92fcc20813d35b7da50f571d3303cd544fd,902812974d.com,Domain,['B']
Domain_7f0358a44585be49f02c52514d204d569d891779be7e26b1c0d74c9c0a1943f7,7f0358a445.com,Domain,['B']
Domain_b5130da781d363a9afacc36ac155e498e86e6b319f7d0f9deaf98c6d3031a1e8,b5130da781.com,Domain,['B']
Domain_57b9b89e6c5032d0d1aa05b5f9889dace06a118ebccf736c79d32ffd08eac99e,57b9b89e6c.com,Domain,['B']
Domain_37dcbcb5e2d2620812196a8609ae580e95a8443ec9b219e746374ebeba410a95,37dcbcb5e2.com,Domain,['B']
Domain_639222499407c732d3d9c02ec5781811e922c2ec987190b29478d7cec7b9817d,6392224994.com,Domain,[]
Domain_9c266a915b21b660b221e32b48da232854b4b83e4346496d52b6d9a93d683cca,9c266a915b.com,Domain,['B']
Domain_f1fc1bb68164f164899106ca12d022713fe6c6eda01d5c2fd0248609419a5fea,f1fc1bb681.com,Domain,['B']
Domain_aa1b19d5d5234dca872c31bf53097fcc63cb45fa675717d12400ebc720504948,aa1b19d5d5.com,Domain,['B']
Domain_b6063e16d8baa05292afb5fcd6a8a503bf6cef18e87de7f9d6a132aec9d182b4,b6063e16d8.com,Domain,['B']
Domain_ef77f8b70b690cf13f0f39f810ac8ad8b978ad7885c27af73183b368513dbac9,ef77f8b70b.com,Domain,['B']
Domain_e3a8c0d7fda8ba3704b15833663825d5e9a09669c45140ad8917dfdb2d286a8e,e3a8c0d7fd.com,Domain,['B']
Domain_36f4ef6b47f5e87cedaa8aac28b864716842fb9255090eb603276bd6f75459dd,36f4ef6b47.com,Domain,[]
Domain_2530ac505d2e96e1d3070566bd69cb0ed0e1d3dcba54090bf67639bd4146d4b6,2530ac505d.com,Domain,['B']
Domain_667ae20539cafe7098d80a7f08e17b584e13950e70f0ed224d64f9fdbd5ac525,667ae20539.com,Domain,['B']
Domain_4313b719eff1603cb05508163bcfda4901afe0c3dd40462cdee74875bb8aa721,4313b719ef.com,Domain,[]
Domain_e0eb7c4dd99da5140f7e73b5e898c85cc576d13f994fcc1aace4d234b67fc12d,e0eb7c4dd9.com,Domain,['B']
Domain_e33ed996fe33fb7f57a6e53bbbc29e159677987315f54660db040e5e2c25738d,e33ed996fe.com,Domain,['B']
Domain_7ed55cdb54ef2d772171731b9547340f49a8f3745d5790e52ad7b73211f4bf1c,7ed55cdb54.com,Domain,"['G', 'B']"
Domain_649de7fe565b7626972a62113bfcbe999d20e178d89d9c4f4b3fdf0de69d6aee,649de7fe56.com,Domain,[]
Domain_82b06d590d59166b9a2ee31663cc37aa584a9851224e20053bd9c55c25f25a7a,82b06d590d.com,Domain,['B']
Domain_2222c22aeb828e8c7f08ab179d3f5bc494c261d6f20726e93142cd08aa77c3a9,2222c22aeb.com,Domain,['B']
Domain_d4f3506956340560aa79d7f3316031fb62320db2c3c14107e1be1bb57506399f,d4f3506956.com,Domain,['B']
IP_be80f8d9f371531e2c6985006ff21d2bd9b60abe5472669788bca40431aaefc0,52.4.xxx.xxx,IP,[]
Domain_959052ce5301223cd1e44354d468935972e8a6417eeb06c050d67849eeeb992f,959052ce53.com,Domain,['B']
Domain_d3ce9bb9a7ab9737f6335735ba2b9d54c7bbd0c30dbbebffdd9b3749239c5f04,d3ce9bb9a7.com,Domain,['B']
Domain_84b5637edb9a30e537a20993965b61fe72cd9f0bf1e92374ae081d94a8f0d79a,84b5637edb.com,Domain,['B']
Domain_b7cb66b273992c92aa83e00a257f6f24ff22e63ef59abf722bf8ca1f71bbb225,b7cb66b273.com,Domain,[]
Domain_3989c93f45d5cf609ecc7cb714e88cdde596856f5e21cd86f338b17fb376fe48,3989c93f45.com,Domain,['B']
Domain_8e91aa618cd0a66db4fae3140afb4ca8c73d1c26cd627a8510ef4f4882e86a56,8e91aa618c.com,Domain,['B']
Domain_870a0de7b0b5311a38260914013628a6fae551d579cfd419fc74d7761ece26cb,870a0de7b0.com,Domain,['B']
Domain_14cdf109414deee3cfdd3cfc6c81cc87858da08a336f1c126c82e51c4a0eec93,14cdf10941.com,Domain,['B']
Domain_507b632e422868489d003ce010681fa507eaea900ccbacb481b928fbbcea6333,507b632e42.com,Domain,['B']
Domain_007abc6b2af745778d0a04ad5b09d2f516cdeaacba3fbad2ec4f7e6303e962d6,007abc6b2a.com,Domain,['B']
Domain_21273b7b01fa18e584dd4c219a884b4cc1b80b544b98883a803b415b0b5de786,21273b7b01.com,Domain,['B']
Domain_d97daf65cee5baf5e4d1a8361f44c771129f2d8aa13f1edd8a2b0b52a4bd9bed,d97daf65ce.com,Domain,[]
Domain_b1d7d045264ad77437f0d23601959a810f9bbff991d39539a1d7ba2a63c17b8d,b1d7d04526.com,Domain,['B']
Domain_13a3d8b80a3e4fa45d6eab9fcfd71e9e0a5f3dedc529c138f1a583092032cc14,13a3d8b80a.com,Domain,['B']
Domain_11ea5dae2aad8cfe7546620eee3647dcd4c0d6811b6b39b96b0495a8d4ce899b,11ea5dae2a.com,Domain,['B']
Domain_0a508b186579e4040ba632efde0ca76c30c40ee7f96b94c5c23e58f2472fb1be,0a508b1865.com,Domain,['B']
Domain_6b516609aea9d0259e751db49363831c566bd3cdf38070b3c2f51c70ef15ecf2,6b516609ae.com,Domain,['B']
Domain_fcce0ba00cd6f1af5e2a641349e75fb600fddd476a1fb0f8178ab3469e18574a,fcce0ba00c.com,Domain,['B']
Domain_c2c03d49a76b9a5f2c42ec2cd6d542a9f5e58c8b041bfc064cdd0a45d1cdf123,c2c03d49a7.com,Domain,['B']
Domain_200cb9d7efa884a6e74cbc9e5cd54edd651538cfb03ad7e22531928cbc21d549,200cb9d7ef.com,Domain,[]
Domain_c0901231f509ca0ffe4a17a6fec98d647c79932a9198f0e28537ae4625055ab8,c0901231f5.com,Domain,['B']
Domain_02f59c4ee69f6a30cc342d5ff8177662b4a1b77c2cac903bfa54c96f2889f077,02f59c4ee6.com,Domain,['B']
Domain_8f95d376ff8a0939e8a1442a6ae9cb469c72bed286df87e462333926c8eff492,8f95d376ff.com,Domain,['B']
Domain_cc01a0f03accb691900eec8faa21a47927a9f70883ad7e077b7818a486c082c1,cc01a0f03a.com,Domain,['B']
Domain_db2ffaa86efc9a076aa648e33d3d8d413b863fd4441d0458e9ddccbcbc5953c3,db2ffaa86e.com,Domain,['B']
Domain_9763d7e17f7d1be9cd7bdee96f2a91835e1d2cc6bddcf0a66d15de9588583473,9763d7e17f.com,Domain,['B']
Domain_0eff824bbd0d0864b11a91bc776867ae25ea138cbdfa514cdf5f9b08597ffaa7,0eff824bbd.com,Domain,['B']
Domain_e5b4f0439efad9100dfdec2facb50faec3e14f41df2a2969b0e089f865838c9e,e5b4f0439e.com,Domain,['B']
Domain_036e3f4a572b50284dbd55c1a4245f71558232324a32def054b38530588e1367,036e3f4a57.com,Domain,['B']
Domain_ea8c3762a2c1203a586383bbbd1a63527ed50a22c041c5f2090551bec4ce42ee,ea8c3762a2.com,Domain,['B']
Domain_41c4c5bce4ac965998f3a0b643200023e4049e16739416c89daeb94dca8f9789,41c4c5bce4.com,Domain,['B']
Domain_a9d057cf4154398a64eda92188ef698c9de7bec398b1651d80812715075356e0,a9d057cf41.com,Domain,['B']
Domain_560aa6a98efb016fabd526ecde451cd10c2a60171cf8f88482c6aa3dffeb1dbf,560aa6a98e.com,Domain,['B']
Domain_a16c8f40aa0574c08adb3543319524a838856b527eebf839b85553733aae5bd1,a16c8f40aa.com,Domain,"['A', 'B']"
Domain_fbdc2dd04c964321bc80c08f2f076b0d8d7da3fc2bb088c2f1beae902eafaf0d,fbdc2dd04c.com,Domain,['B']
Domain_18501d5cbcc4c02eb1137a3ec07a4bf00b17e51cc478f170e2210480c8d05aba,18501d5cbc.com,Domain,['B']
Domain_3c55adfe279f75590011e64defe3c7e90fd444307548040a4a2a98b42ebeb108,3c55adfe27.com,Domain,['B']
Domain_06b2c2b3fb254fc2774438eabefb1f6454fe36f8afd046ff809b220f4881b77e,06b2c2b3fb.com,Domain,[]
Domain_67915bde9c22f51ed7f97edede9f07b79ce3850802b5c3b932e355a2c19b6b5a,67915bde9c.com,Domain,['B']
Domain_37e9202f3ba2355e9bea291d62f24b83173cd6c72b00fb3985200c41e53a20f9,37e9202f3b.com,Domain,['B']
Domain_e16ee2f91bdda04adc809f846d50e8650c67724b0c553c42dd41e14fc97c6b8f,e16ee2f91b.com,Domain,['B']
Domain_18e5b1a53f9590fcb0f8945800f6236f6e5df596c44f79d2fc8b78af4377cd03,18e5b1a53f.com,Domain,['B']
Domain_d4f1ef229fdcf0b8427eb9f27e7f83b61ecefbb7820f8ed761b98c6d0d1f68df,d4f1ef229f.com,Domain,['B']
Domain_b9e39952caa2c2e6022fd7d54af9ae778491dac1bf5cffbd4d0e9bd20beb22f1,b9e39952ca.com,Domain,['B']
Domain_66b46ab89dcae853b049ffb92a3fbeddec3c284bf487c37bb89835cc7fc014d7,66b46ab89d.com,Domain,['B']
Domain_789fed3a5b49ddfe691b9b74af3d541826c76317b6385b3b71c6179661594b08,789fed3a5b.com,Domain,[]
Domain_265fcbd4e812ca1d3944f2d16114ef32c2c3e7e9860af365663660417f10fce9,265fcbd4e8.com,Domain,['B']
Domain_573f45022610837ea3c44fc5b3c224c8ba8855431bf32ae4d1123bf5a853fa4f,573f450226.com,Domain,['B']
Domain_a6832ee86d0a7487a9d47b75224ecb74743a32e461317091b93e0c7b5df4e9ee,a6832ee86d.com,Domain,['B']
Domain_0aa0edb854b8ebb3551459d344375cbb0037d1f9f6b77abbdfe1ee5192a9c1bd,0aa0edb854.com,Domain,['B']
Domain_9112e4633a996b1301592d5f1fa54c4d1f1bed35885dd9baf7f8590bb7855a9c,9112e4633a.com,Domain,['B']
Domain_9589223217ee142d135024521c33e2ba40d8c4facb7a88217ab0a94d68a5b641,9589223217.com,Domain,"['A', 'B']"
Domain_9f0588b497ed13a0e399c06c974092b762e3bcaf981c72b72cd5c4bbb355eed9,9f0588b497.com,Domain,['B']
Domain_6a40429b4efa97e1eed587409348fdbf2d90072e9573efe512cdf2e8f9fba27d,6a40429b4e.com,Domain,['B']
Domain_d5b6f33a7211528a70aa086b1e12fbb4ef6072be6a9b78f61ce17d21c1115043,d5b6f33a72.com,Domain,['B']
Domain_5dd21aedc6e70c889f6919e80fced1a355ab789316bc73f1705e5da2dec34c64,5dd21aedc6.com,Domain,['B']
Domain_76516da24a4ce82344916cea428e9fd2031003b7646ee2ad9370d0df77a3f414,76516da24a.com,Domain,['B']
Domain_54862af073f1dd67f220d57da5964f23acfbebc73b36899af5153edad1ed6350,54862af073.com,Domain,[]
Domain_24b23f56753c6ca453dedba287ca1b574d3c456b1830bc5e11152ded63bd746f,24b23f5675.com,Domain,['B']
Domain_73298c99fa283f494bb408c7c77da6bad4817afa1e32aac8c7baa6d13babf68b,73298c99fa.com,Domain,['B']
Domain_f451c09efec566cc84879817c7aab11d1bb09cc4014367a22441779ba7a60d26,f451c09efe.com,Domain,['B']
Domain_836688b632e1fd74802734125a1efd2bd1c6b505a864be9d0bf7affdccaf5ee8,836688b632.com,Domain,['B']
Domain_ae02495a6f41de19947614588779f06ff5024be944e27d886723cb02decf3b79,ae02495a6f.com,Domain,['B']
Domain_4b8705de4f710016de964a92db6525325a0b1b339da04a2b61546ad52964c8bb,4b8705de4f.com,Domain,[]
Domain_56fa199e251d1b30c9789c8264767210031515b11d59b22c4c7ef53f4a7843e7,56fa199e25.com,Domain,['B']
Domain_b0beb07d1f8eb3c280c3323f13d4f7d0b1e2d36fe9a989b3d57e952d9cb1f9cd,b0beb07d1f.com,Domain,['B']
Domain_91724176f5bf0bae3bae9d5450b97d56f2f609069b0d506e4d09b416336283aa,91724176f5.com,Domain,['B']
Domain_316c3bcd780628aed4eb480ec698d4f4af2a6c4b2410dbc4eb450026b0328a2e,316c3bcd78.com,Domain,['B']
Domain_8beb0f1933e57cbf4566c5fa7aab0d2fd31580c4c3d56314932d8555724aed11,8beb0f1933.com,Domain,['B']
Domain_f49682678b46c02027f81e5c690305997ec6d7f6a35940128fb3a03915665758,f49682678b.com,Domain,['B']
Domain_b330f9e3db5082dd71d3d69c7f64b82ecf27e3a4a2b230fc76bb8b1ccdf74a48,b330f9e3db.com,Domain,['B']
Domain_96b8b1ae3e9af4991c0c788afaf2f1542ba8897755a9bb3ddbd66a95604653ae,96b8b1ae3e.com,Domain,['B']
Domain_f1d8c913ed90d1893536d73662f50016ea2e71e9bb4b62491dc1c63b86e080ba,f1d8c913ed.com,Domain,['B']
Domain_5520c0a074f20881c6827a18caffcabf5e491e0a36d72c8be61b10f13d1f9bbf,5520c0a074.com,Domain,['B']
Domain_9605a334012881984f52ec8349830cb64d681a601503ba16e0600b71ed352a69,9605a33401.com,Domain,['B']
Domain_5d205c1d99a1a7b25e36045c0a86708a35e79f4c49736a3773d8b6275853ed23,5d205c1d99.com,Domain,[]
Domain_d5735b5587ed7c341528c43f23d930f9a9b86e3fc00d50c06b1b94a5d61d1c9e,d5735b5587.com,Domain,['B']
Domain_095aab795ef5c17fbd194d4fdcea25f8b94e743e60fe418757aac2c311553de1,095aab795e.com,Domain,['B']
Domain_3ac861c0a9f403190284972a521cea1e7aaa05f67e0e04cac96dbf040c40a15a,3ac861c0a9.com,Domain,['B']
Domain_dd4f6245ca3310d1c1d39015ca7978a01129fe35ac01a0962aa998e15e76f7ff,dd4f6245ca.com,Domain,['B']
Domain_44ad4ec7197ee3e132f9c24ad0cab2febecf5d26472a728e3a3055f119e65f32,44ad4ec719.com,Domain,['B']
Domain_015c026a2df98bfef6a3aec7955d3740e2535f97e3e0075eb3deb6e9dbabbb89,015c026a2d.com,Domain,['B']
Domain_c2dc5c33ca93c93cb3cac14939a3ecc257e0d8f2ad6e5bda14fd00d7f0bee1d1,c2dc5c33ca.com,Domain,['B']
Domain_b8c5b93449bbcf05fc6758b5c15e2e6b4aa87e2ce5b925fdd8eb5d5cc88b02e2,b8c5b93449.com,Domain,['B']
Domain_e78d0e3c49f1d91aeb098bd2a3d3e7a08634a0fd297f3c590cf8c4aa933d4993,e78d0e3c49.com,Domain,['B']
Domain_8636529185b6ac17ee9a0a9d1e0a25d150d7afc3b5d560bf92b5b3bc081be8c1,8636529185.com,Domain,['B']
Domain_e336f9771fe4f2e700700dfac4b953943b461e3da63f50cdf83d16e5ea36bfa1,e336f9771f.com,Domain,['B']
IP_CIDR_9290d56396d24ee68c945c026c20ab75e1f9fd8bcf85d308b91c12df80b55685,54.82.xxx.0/24,IP_C,[]
Domain_75e25dbf08f38ea6f47e2c56135599f8bbb4b8365685bc16e556a77e6ab80132,75e25dbf08.com,Domain,['B']
Domain_61f338013a08b303e2dc3b45f3d906ee7f7637ae799e126a67993f01c1a6ce8b,61f338013a.com,Domain,['B']
Domain_3ba673ca046cd0a1f4a37638065e959755c9becc81c577fc350582d7c943322c,3ba673ca04.com,Domain,['B']
Domain_49d249f3622b81e17ce4c1252ac3299149c79406c6cc29ea7fefcbcb682d7179,49d249f362.com,Domain,"['A', 'B']"
Domain_17192631046c49d3a06549fb562f88cc60aaa1c69cc59f2d6684d2c996a45efd,1719263104.com,Domain,['B']
Domain_d943c57945cfe67f40652311f982a13db6bc6591a5ffdd29906b2fec3dc8487b,d943c57945.com,Domain,['B']
Domain_ea144c9098b6963f93920d762495905b942d84ab546d62c59ed214e31dbb7f76,ea144c9098.com,Domain,['B']
Domain_f63d3155834e24b2f119d9bdfa9c850c57ec0a3a4df097b6ff6aa2c687f27f92,f63d315583.com,Domain,['B']
Domain_542a179d1640c1fec81b542aea036718307f00be16e9adcdbe7e071134060825,542a179d16.com,Domain,['B']
Domain_df0884d9266c0050f28b623f5b85b56616e564d924884a46ee9c86d1ce13a732,df0884d926.com,Domain,['B']
Domain_8733dacf0bbdc047ea427b2b9a4863e18d5aec0ed9532236a84a39ec68632f00,8733dacf0b.com,Domain,['B']
Domain_7067b693bd5cda15e86b1f12ba8396ca809941cbf4aedb4fa58a3f524d7d4323,7067b693bd.com,Domain,['B']
Domain_aa40aa00b8228bb598141986a28b924887b4fc56a734f81c1d884501fe5f20f6,aa40aa00b8.com,Domain,['B']
Domain_1011e09bd20ae1eed2abe6a7a4e62d4de75a389a3ef54c8fa3faf7aa656596c6,1011e09bd2.com,Domain,[]
Domain_28db3f5893e0ff5d6ba276aac728b1391916bed1cf68827e5ae449f5c6cca3a3,28db3f5893.com,Domain,['B']
Domain_bed449f9307a43e83f5bcd223bbf702d83f218c4a62b9095ef9f86e138925349,bed449f930.com,Domain,[]
Domain_b002ae0a09d337a90fc5ada21dd00efbcdc9db4c0dd97ae11316672f539b0573,b002ae0a09.com,Domain,['B']
Domain_1dd80d94da29c045ff04e5a14ebb46fbe0270b5a2c69f0ee329b6270d07620b7,1dd80d94da.com,Domain,['B']
Domain_6dbb881a855f733b3b40b0fdf1d4c49a29c55240efffe23dfb5e6d35269e497c,6dbb881a85.com,Domain,['B']
Domain_c4a0d2090b5086c5272a1cc3dbba3622c15fdc9783dcf8a83db045c225e8b6a9,c4a0d2090b.com,Domain,['B']
Domain_eca136cb651ee1dd39bc3c00bbb2c97549bfc11f04ab50a652657b6eddf4e65b,eca136cb65.com,Domain,"['A', 'B']"
Domain_fac3217acd7c0ad31f2bc357c37b310a9b532c0128a4af6df352c2e86d64c2b0,fac3217acd.com,Domain,['B']
Domain_df110a03ba95f988385ccc27e60d390414b4ab399a505a4af99685775f406a60,df110a03ba.com,Domain,['B']
Domain_43bd94895ae762966e67baf346b7e6046b89d8d78edd80834ff6ec36555882c4,43bd94895a.com,Domain,['B']
Domain_477e0b596e44eb64d58fd9aa46301e6b02f2d715b0e514e32d59012db073542b,477e0b596e.com,Domain,['B']
Domain_eee2aa1dd067dbb250135778b348873e9edfee8f28dad3398a46cad7a9523e23,eee2aa1dd0.com,Domain,['B']
Domain_5ae7eefe1a908b829b5dd959f0dbc0e942f7321adb0a8b95d498945eeb3b4aef,5ae7eefe1a.com,Domain,['B']
Domain_bfa78a75a04b12be1de3c6a2d0b0e5b4934012840b0c4342d323fb2013edcdf5,bfa78a75a0.com,Domain,['B']
Domain_7068cdb622677081bd866918fba932cf2b0a00e963c2cb722eec4899705773eb,7068cdb622.com,Domain,['B']
Domain_168ab3216401c681f78570bb613bd8fe400b445431ad9bb70bec3138de2007e2,168ab32164.com,Domain,['B']
Domain_13d11c3933777fa24f1c38764aa5fe35880d005eb8483f34b17e5e088d55546d,13d11c3933.com,Domain,['B']
Domain_b5288139beb0756328c8ff4dda2212b4c832046e73dfb5afe48d281460ca183f,b5288139be.com,Domain,['B']
Domain_36b100baec4aaf60d62da4473a6b746baffd16bdad9028e381a03c2c9e8357bb,36b100baec.com,Domain,['B']
Domain_cb794b855980a1293f85b454e3f79379985c215e9cd06bbedbb186a44e48e0cf,cb794b8559.com,Domain,['B']
Domain_cccad72015d6e4ff3fe6baf444a662bef66d18abd61f19f013f064330ae8e4a3,cccad72015.com,Domain,[]
Domain_9ab9309f1c0d6db4d106c62b18220549bfff0357940b5420c30d33e41d5617bd,9ab9309f1c.com,Domain,['B']
Domain_68b211bc47be834114fd5f9946f5c6061375c37882095917bc2db586f89f4b67,68b211bc47.com,Domain,['B']
Domain_c08cd6ae78eb8cc9834fe6a5e04a407f99b4348a3893d2412f665b419bd26ce8,c08cd6ae78.com,Domain,['B']
Domain_18cfa9ac3ccfe9b7cc1299ec20a13033fa2f8475ec4865a5595eb903f3568241,18cfa9ac3c.com,Domain,['B']
Domain_928cb9f6f60a6e04376def6333e5bad7b1e4b744ec0f77c51bfbc1845e75f07e,928cb9f6f6.com,Domain,['B']
Domain_1dc1833f606d374ee8eb154f48146821f7d66117fd706f4480f7723704e1e2ef,1dc1833f60.com,Domain,['B']
Domain_0ac0f8073cadc17b046f078ce688828a52d96b672d4f5cb77ed9e4c06651ff81,0ac0f8073c.com,Domain,['B']
Domain_d6bedf2fb3c592a26b801bf378e52adcefd59a995e00b9e288414fa74ba894b2,d6bedf2fb3.com,Domain,[]
Domain_a770d63d8cf78b1cec326241ae30a39261c78bc3bd8003495e0f9583153517cd,a770d63d8c.com,Domain,['B']
Domain_ba6f32e458f0e66fd84794a1602d9955962718bfad9cd086277ad1827b9b9cb1,ba6f32e458.com,Domain,['B']
Domain_42c0a985af7a7394b11c1e6b14e4d51899eb6a34a3aaf4873b451535aa59dab9,42c0a985af.com,Domain,['B']
Domain_05bad6af064ea616cf09d5ae4b5392e8ef5cd1acb4495c223c7ccd4795d88c7d,05bad6af06.com,Domain,['B']
Domain_c4ac96ed1474445e9c9f5629aba89f354ebeb850e57d6f0552b0b0cd7d8d13ae,c4ac96ed14.com,Domain,['B']
Domain_91f7e0947d215b5aa9e5e20466ca5d20fe98053bd1d594c16b46ca022dd82e89,91f7e0947d.com,Domain,['B']
Domain_0db3624a937e21e3570bb0ef20f7d73f2f45494b67226dfdd5472d27698ebd6b,0db3624a93.com,Domain,['B']
Domain_71fbe5675265164d0fa32995972c42c49c23f360d90749f0211eb4e1cac436bd,71fbe56752.com,Domain,['B']
Domain_b77cb6eeac71ba271115837e191db1910e363f7388768a4e3869438a83b3b089,b77cb6eeac.com,Domain,[]
Domain_d4f70dcb0575a56a099e7f641374061b5e75df7c2e5f5ed697f9f4484f1b1533,d4f70dcb05.com,Domain,['B']
Domain_0898e86c85e0f1901be73308e29de242751d6384628b1dd0384fff262de7af49,0898e86c85.com,Domain,['B']
Domain_43844afade0bd2f562dd30191a25fe39ef036914304d49a08fc195a5b74e455b,43844afade.com,Domain,['B']
Domain_baf28521ff9f327f38317cc24a6c9bd4cd0ba779f952f2f4d37f89f21268c172,baf28521ff.com,Domain,['B']
Domain_e912a74539edcb99d676ebbe9dd7b8e968644cfc7ebd224427d1107cb8e98cae,e912a74539.com,Domain,['B']
Domain_c32bb05f70913e23217d89eb65aff9288be9d9060eae990e4fa18c89c1eefe13,c32bb05f70.com,Domain,['B']
Domain_14ba43f8045ac6ae135a6d596647588d72e6f36dd948c5cd961010459eef09f8,14ba43f804.com,Domain,['B']
Domain_1750801125df0d4e2401608e725feccc5aa068efe75fb7cfd272965f54e60be9,1750801125.com,Domain,['B']
Domain_737d66f9f332c2df62d1e43dc4dc8eabba4d76f4b982d94677e1b9553842c21d,737d66f9f3.com,Domain,[]
Domain_820b2753e4467a58848fd103e9cf0fcaddba4630edf225efc6e0faf4e24e5a5d,820b2753e4.com,Domain,['B']
Domain_7c1a2394c8095cf45e547e2f46626e3056d519a31e4ef6c656994f039fc0534a,7c1a2394c8.com,Domain,[]
Domain_f6e6982ce45840eaa3a63c38e5abfe08a5f46ca1ab24dcac84ed56d6600f0648,f6e6982ce4.com,Domain,['B']
Domain_e93d1557c8be6836546fb100c110dc5f9cc9d5b8ced6e8a5abaa64180bc80fb2,e93d1557c8.com,Domain,['B']
Domain_37712df0a88545f558f77e066d36ef3694838f638c9f2eaed457800c7be6a6c2,37712df0a8.com,Domain,[]
Domain_426b84c6582962ff6282c3c8cadfc0b9f9d19f8fdb945ef7997bc33eabfb7d62,426b84c658.com,Domain,['B']
Domain_2d4c436ac1ed5411ca477ce965c1df762051314f3c216dfba618d5db4b679fa7,2d4c436ac1.com,Domain,['B']
Domain_e3650d2c878d75560288bbc08ebdaab0aa3b1b47aa1e6bf7139918f32aecb01e,e3650d2c87.com,Domain,['B']
Domain_4c6e3825fadc8e47d12e2892d164da4a412cb0638867493c55c37ad6f5403286,4c6e3825fa.com,Domain,['B']
Domain_3f4755c2cd12e506084442a2624eb5e8218fabe394d33aa9e281a86a6784e0e3,3f4755c2cd.com,Domain,['B']
Domain_9767f7064e3a897b1e224b05728ae03bc94b9ccfc6b58c413603171dc946196b,9767f7064e.com,Domain,['B']
Domain_de5b38556d494491054b1f657c6bd6e5758f920a9ca065209726fdd6f37d4234,de5b38556d.com,Domain,['B']
IP_e22b4388723c2809c1e5712c1da0c4270f2e409b11c4f01ee75caf1e342b05c6,54.82.xxx.xxx,IP,[]
Domain_33abf8bc7d705827fd6214031ca948bafa384ab0f90832dc71cf66c012926416,33abf8bc7d.com,Domain,[]
Domain_d7528171857e0e84f5da3d1dd08061fd523e57dba217266552f9308b588ef9a9,d752817185.com,Domain,[]
Domain_51d0a331dc0d6b6a3954b8321f00666b5409899aa776f897e29c7274c37e723b,51d0a331dc.com,Domain,['B']
Domain_6fa2718c67e955b8e6b24b8c4ff41d44e7691708318b70a84d1d9e5d392ef1a7,6fa2718c67.com,Domain,['B']
Domain_97eaabb5cfb8d8e23b3719740dc3d1986383414c06a4b131ee347131dde57cd0,97eaabb5cf.com,Domain,[]
Domain_83f8178ae6d337a409b437f77736370c6dc57c94d8050f8d020f13745a2a3a66,83f8178ae6.com,Domain,['B']
Domain_975b925432f61075c66942e95b3deab0d4622be890a216f37f1bc87d017f8ad9,975b925432.com,Domain,['B']
Domain_2b59dbd7e8854d4a6cdab490b8474194eb76c06f7516721bfd927953e6792d0c,2b59dbd7e8.com,Domain,['B']
Domain_33a7c344b637e90ac0c0d680564653235207e6b87edcb9d2bec3ed7ba84593bd,33a7c344b6.com,Domain,['B']
Domain_bd892afc54b708605082fb0fe3a8a910bd5d473a24c81c365b62cc5fcfc1c593,bd892afc54.com,Domain,['C']
Domain_9d3f88d2decbc2f2e035f6ce688707a9fe70df2b4e64c1d0f6b731747e07b8fe,9d3f88d2de.com,Domain,['B']
Domain_d82342c04090826c1c54521399f88573e58aae27f5bf95c4a55637cb5b78a136,d82342c040.com,Domain,['B']
Domain_9c1983bdf2ddf96c4bac7cabc4a3a90048643e9a1e53ee5ca0f0a7d245ef5268,9c1983bdf2.com,Domain,['B']
Domain_57d2eff6fae33549094260bdec217afe0efa5266c614c44d3bb1c5d55db91491,57d2eff6fa.com,Domain,['B']
Domain_9166bef50d96ad3d084b398cb449eb9881f3f9c6cd7faf0e0e5af57c18bccde6,9166bef50d.com,Domain,"['A', 'B']"
Domain_33c7a10a08a007e342c4921e5decda391a119bc19a75216c29b08e0046e6fbf7,33c7a10a08.com,Domain,['B']
Domain_dab9e6ceba1005a187b614f58bae14aae215f485277398c2cf57711ebfd6b666,dab9e6ceba.com,Domain,"['A', 'B']"
Domain_949d02b468a0d4c6689c0b95c59769d0282092339905ffd02246186431dd9b1f,949d02b468.com,Domain,['B']
Domain_0c1a0248f6c819c26e4232c63d32b541ca255156f2de76aad3cea456b8e098ba,0c1a0248f6.com,Domain,['B']
Domain_5a03f2bb4004d41c166b1eb1b1c47e1b69545e8f6b4ec9042db14aaca0027b27,5a03f2bb40.com,Domain,['B']
Domain_d431c1ccefec912ecf2585cd9a87db7605f25ac386606c111fc2f4253844e1d9,d431c1ccef.com,Domain,['B']
Domain_2b3046337f0cd528649258eed345d912e8321b48f4f152f6a0467b5a39443d61,2b3046337f.com,Domain,[]
Domain_efdeccc36c966789bfbdd4c93b59cd163386955f3604d3b7bf53f9010de42706,efdeccc36c.com,Domain,['B']
Domain_a7ac67c4bd9f6625ee424d1079994acbce385fbc180177794ce2165a5386fd39,a7ac67c4bd.com,Domain,['B']
Domain_2657fa5ea210cd18ce8efb8c81a4627bc0a8ff2590c8a1a4722bc7bbaefb5d44,2657fa5ea2.com,Domain,['B']
Domain_33531434ed935061f8ce3884ed31777204f21c90d54cf3a23ce2295477bb5be4,33531434ed.com,Domain,['B']
Domain_9b10bc43e5b27b3e35f337e65095e5f6162602cb26325caffe669842a4cd5941,9b10bc43e5.com,Domain,['B']
Domain_a241343b44ca507fbdb8f8e362b95bfcb24481aa9693d9116e96ca908db69741,a241343b44.com,Domain,['B']
Domain_ad146d4cb8e5863968a9a45ea98ffeeb51fc839dd2c9fa7bc703a5ded99015d6,ad146d4cb8.com,Domain,['B']
Domain_a245bb3126e7edd0c1f860eb15fd2c1ad16c28e55b17db467213ab7790f00d4a,a245bb3126.com,Domain,['B']
Domain_2053f0e7d3061006cee28cf9160c12d2cc4d6c6e7d7d8feda990dfa0f9f37436,2053f0e7d3.com,Domain,['B']
Domain_b1ad6a7f36ef3f26e743502d3d9ba4e08e30af5d87baa1452ef523e1ce7496b4,b1ad6a7f36.com,Domain,['B']
Domain_aa12159c3c49727e638a6b4d842a23b95f732c39d3b8c218ce29042a4bda6928,aa12159c3c.com,Domain,['B']
Domain_54db8f6991aa3e382fa01df7df9703055553cca566979dfc52d99894cf2cdce5,54db8f6991.com,Domain,['B']
Domain_82cb86e6ecb8aec534758296d195660a9e026d8681fbe29723a8bc19fd95ccd3,82cb86e6ec.com,Domain,['B']
Domain_92372d386f244a15cc23a87246e166002e2e6230098381e09dcf8a2c930093ff,92372d386f.com,Domain,['B']
Domain_94241817b27b194faf62b487f5fbbc8193cb9eee8f6889bbe9e2bfd9e746510c,94241817b2.com,Domain,['B']
Domain_d3d782811791be0eb6acccbb4f871b9679dba1efa608f91bbfd0e113c04c6a7b,d3d7828117.com,Domain,['B']
Domain_469eef41be34e28cb51b9bb7e6463d5d955dcf09945745192fbc83e7d64455ac,469eef41be.com,Domain,['B']
Domain_66aae0078c531ae6abccead9533fb4519482ad67bd8d2d5c4525f0347776238f,66aae0078c.com,Domain,['B']
Domain_33ae1e132ca62a319531d8fee4ce554bfb59c8913cf64ba07d36eb627a84dd50,33ae1e132c.com,Domain,[]
Domain_13e9bc6b3082bdb6f76753ee52b258d8223ecc69b9c70b35c30e9214a10d6073,13e9bc6b30.com,Domain,['B']
Domain_2988541aef80a2ff89325f28ece78fd7915b6e2ca68060e84421e7f6e5020b85,2988541aef.com,Domain,['B']
Domain_1804855ea79a75281cf4edae3436bd0dae78e0a3cb1704335a780d56d814f708,1804855ea7.com,Domain,[]
Domain_6da49c15b6a56e09327c60535e1915d0a74d4a4f9570eacfaedd81bc49c36517,6da49c15b6.com,Domain,[]
Domain_f6e8279ed385ec3960984044caa3baf28fdf614e2ebde34f88a9769b5d4d43b6,f6e8279ed3.com,Domain,['B']
Domain_a8c3a65b9febc4900f19ce66009b7474cb47cf2c8d6181e9a8c7968bfa278551,a8c3a65b9f.com,Domain,['B']
Domain_56f75dc84f1310a13032a49dc622e31e2df6611f4625b998998fd61124bb53c4,56f75dc84f.com,Domain,['B']
Domain_27270f6ec986531e199d7aef25a581cd1e2d1fdf5ce6f884b497216120cf7f2b,27270f6ec9.com,Domain,['B']
Domain_8243f958d5b15f09819ccdac94ff1ef9e712c564a54903532c7477f183dd3ef1,8243f958d5.com,Domain,"['A', 'B']"
Domain_6d826ed0f5852c018a767a1f750918441121340b71c82cefa5f2aef231ccd757,6d826ed0f5.com,Domain,['B']
Domain_ea40644f302b5651bfa455da6ba776b7a083fa225be5c16739da094ac2ca36ca,ea40644f30.com,Domain,['B']
Domain_64ef32fb6b3aea87f04f9d76c7094befd928f2c740fd67fb4033008afb009c0c,64ef32fb6b.com,Domain,['B']
Domain_6ea6f969c7456605d4ebcdd15b70761d6bfe95d42df5ddb1b6770fd63b2ed0c7,6ea6f969c7.com,Domain,['B']
Domain_cdc60ecb4349720435a4667fcb8a1b54200581b511606e5dfcb95fe8086714ef,cdc60ecb43.com,Domain,['B']
Domain_35722d414c1e5a0b143f4540b75e8a74691eadc82d5d013034c42eab51adfea7,35722d414c.com,Domain,['B']
Domain_0b71f764477e93d70c044cf504549ff96235877f9ff2c7ae8de1e7965660c048,0b71f76447.com,Domain,[]
Domain_310be1143b09708101c95e095ae799896729e9ca2cfb8187b83ac9a27282c24a,310be1143b.com,Domain,['B']
Domain_b792595c42907341832db523e2ddfa8630cf0c962c9210403dcef01c35e3ddbf,b792595c42.com,Domain,['B']
Domain_6ceb5199f7c4981d90d9b072bc3409a97baed3a65a4cce86a5e1434b1c2f98b9,6ceb5199f7.com,Domain,['B']
Domain_41aab3aff5f6a44717aadbaefaf4faa2737ac8dc1db4ecc11651f31ea79cedb6,41aab3aff5.com,Domain,['B']
Domain_1c25dc745eb82bc32bf035e8b13d8a2e438a79e3acec09d0808176ce6aa91a06,1c25dc745e.com,Domain,['B']
Domain_1fe67ba2ec3546bcb87caad71675021c76ffb784b7b57f2022c4f58a79d23a07,1fe67ba2ec.com,Domain,['B']
Domain_99621fc7c709ee0499b54535e49d9898523ccf3eadcec88c89938a5e1cbf5212,99621fc7c7.com,Domain,['B']
Domain_6a74ec8e5506d03291c6d4e9c03234647666828b752f73b5d416fd34e1813496,6a74ec8e55.com,Domain,['B']
Domain_da2f71d58ad5f81f9feee38d6827e881932580895eb63ef24cdfa91e8dfedba1,da2f71d58a.com,Domain,['B']
Domain_2b1995fa5c4f702209901534a917bf73ad8464174c0677b47f8031a9c38913f0,2b1995fa5c.com,Domain,['B']
Domain_968977f6fc0909724f8f0250eea4c1119c7028b36603548fda293d8898cd9b41,968977f6fc.com,Domain,['B']
Domain_2ea7e7f73837566fe1ccc6b7f159a8f9a9aef1528496821cbb71b182f7290a4c,2ea7e7f738.com,Domain,['B']
Domain_8c5a286d07709aef9628b277641f4933630e1df371296d0600c6fc0ed67b5c72,8c5a286d07.com,Domain,['B']
Domain_42a3dad0372cea5293e6c9b6e29d05d87b2a5369b9f9e50beb9e1dc88e6dc0dd,42a3dad037.com,Domain,['B']
Domain_0750579b4d4e8b77f6595632aaaed5c810f1b25acdcfd84c4a1a68ff216c0d3f,0750579b4d.com,Domain,"['G', 'B']"
Domain_2c64f3124778c0f8cc6b388b1e7b74808dc8fd82bf286ab9e33077a34858eb19,2c64f31247.com,Domain,['B']
Domain_c2141fc2ec1839ed77796980f0df671ceb93e8013c223998dd67a98b0013352d,c2141fc2ec.com,Domain,['B']
Domain_b747fd29c71bb8ae2bb35cfb5fbfc748aea7f0e418b95be036ce6c3008d4e759,b747fd29c7.com,Domain,['B']
Domain_4a68f25b0570924ea8433683b02c6c5a9ebe872545b1578931f2461c85b7d610,4a68f25b05.com,Domain,['B']
Domain_15773493ae7469115ce4cd19ad037712ac2fe251342a758d29db33a53f12e9c5,15773493ae.com,Domain,['B']
Domain_90b3f09677304503dd75997b5efdfca98906d80de180ab1d47786ba1af0cdfaa,90b3f09677.com,Domain,['B']
Domain_06f2cb3a71569b5937957265cc57551987d0735ab5326c5bb07b55992d9f1f54,06f2cb3a71.com,Domain,['B']
Domain_a2d45635cb80ea880d926b6adecd09426a8aa36c0464826079efa9d33c14008a,a2d45635cb.com,Domain,['B']
Domain_6375e768f871e8cdd1e4fd7fc5400b3bcfddd5d7572374ecf16c2aa1c8630223,6375e768f8.com,Domain,['B']
Domain_59f2a03271434cd797e34bdca1940ab7d15cdaf87759742dd3012d9fca8aa1ad,59f2a03271.com,Domain,['B']
Domain_04361acfcad863e39368f75294dfa8c135c618e6c838d88feab343dc813a5ed7,04361acfca.com,Domain,['B']
Domain_2b1d3bc88c29f712f04a124beae5fdccfe653642cc85dcbb2156c219ad6d6099,2b1d3bc88c.com,Domain,['B']
Domain_74460820aa4821cfed75ccfa4fa71a26d0ab6c57dd88ad64b49f34d7d8ed3cdd,74460820aa.com,Domain,['B']
Domain_970a6396b9d06a941052342b805fe38eb9f5626cd8e379d6f569375651e85ed9,970a6396b9.com,Domain,['B']
Domain_0111931a0fcf23c58d61676b72afb38c1e1025bdb82259363f6143dd47ede3b7,0111931a0f.com,Domain,['B']
Domain_fc3d7ffa4836c370cd17f3379266a04c367ba596f205ea7b89d7744d95df5108,fc3d7ffa48.com,Domain,['B']
Domain_c33495b5551223f28190ad07df23528cb9317ba00ad1a4b6b123cd50ec5208a4,c33495b555.com,Domain,['B']
Domain_bf74a48280acd2c1daaa49c95c7e4903a0f5f966692684038f561abc24c40a15,bf74a48280.com,Domain,['B']
Domain_377fe14948c4ba2d9b4bb7586a85d44cdd512f77711e3592c59cde8b0bb77efb,377fe14948.com,Domain,['B']
Domain_483a36eba25d622cbaaa8a9bdc8a278e57fad3538912f9b1c3e9241f03b04816,483a36eba2.com,Domain,['B']
Domain_e32fd50237a67458c5737f0e6e0960d5816bbe4c3d015f42e9048a4878042678,e32fd50237.com,Domain,['B']
Domain_ddcfe0954db7dc87256b23b78b882819d6db913d7b6574c52d2d897b134bae41,ddcfe0954d.com,Domain,['B']
Domain_a084f4f7dc8d1a7453f60c7716e45f5bec21802cf497f3716998fcb39a9c92e4,a084f4f7dc.com,Domain,['B']
Domain_70c4f4aec2719b573e7b0c1caa6a21a8319a9853473aebd2488287f62be9fc03,70c4f4aec2.com,Domain,['B']
Domain_60bbdeff23d3178bd1033d649b917bd2e5e73c75245d868dc7228a7d961a2463,60bbdeff23.com,Domain,['B']
Domain_256abd769c1e68b235ea138f55adde7b16e21e98e00a133b439171ac4061a117,256abd769c.com,Domain,['B']
Domain_5bb644bbe0cd945e7331df5215818a966d439f9cf7e854d15c4649c12468c3c6,5bb644bbe0.com,Domain,['B']
Domain_5721cbf739d3f84b95b21dff48ad39ffa7e7b5cae9d1124b1d691f3e8847a81a,5721cbf739.com,Domain,['B']
Domain_441bb4d133944ef1437c0fa8e0b2f59ef09969ae798b0ee22375670f9972f0a1,441bb4d133.com,Domain,[]
Domain_a9e33ba2dfd9ee01038a77147b8450bdea9515edc12b33b69339133e1f327075,a9e33ba2df.com,Domain,['B']
Domain_394aa9b4ff6ce1de60a3206ba559a81e2ff38276870a9f7abe6dfdc21993ada0,394aa9b4ff.com,Domain,['B']
Domain_6e93715286dcd2d27a700e231e95a1f58a9c37662b7dd08acf4d44376f510b32,6e93715286.com,Domain,['B']
Domain_4680ea9dda613f439ae2d178e091e01d48b88ab8f1fd947b02484f8fe04fa5f8,4680ea9dda.com,Domain,['B']
Domain_9b2cbb09af999a98c8d7b815ea3b77cd05153bd50f06a512d9d6c10b0a0a5f77,9b2cbb09af.com,Domain,['B']
Domain_190c5b39e9ff0649598a985bd5b6ece35c220c19affa9b93535fe5328cf5bd9c,190c5b39e9.com,Domain,[]
Domain_08d72e68a97328f13883e974b3a1ab0eccb1884c698882c32f8ef7122369faf3,08d72e68a9.com,Domain,[]
Domain_67e8a3bb5a4619589065e3bf5610cd25f2b0b9e0de66d9d8a09fbb4624c18987,67e8a3bb5a.com,Domain,['B']
Domain_b71d8604ace6b47052f3ae7ac190b63f35e53ff952914ebfdd7f3b92aeb0f344,b71d8604ac.com,Domain,['B']
Domain_f908b90b47433122fd27aa31ca80403381d1269b42b8e45fad1a4f82bcd8966f,f908b90b47.com,Domain,['B']
Domain_929af8c3b95402a98529e124a6330a5885d7bfc4709db74bbe8f6659598f5a48,929af8c3b9.com,Domain,['B']
Domain_02c630afa069e64aa91a2ee26a15afdcf1bf26d9250536b194f0e1a91e896bdf,02c630afa0.com,Domain,['B']
Domain_fd8dedde63bbec6804c25f16ec8989dba0040bf11cbd47ea3b2c71af2eca5f36,fd8dedde63.com,Domain,['B']
Domain_28d043d7a87ea550ea24e362d4636490689df17733f8971172d392ba48fe37f2,28d043d7a8.com,Domain,['B']
Domain_b6db015205a0c3dab86f107c649923e64d0ac0a7bf64580927838f288d402b73,b6db015205.com,Domain,['B']
Domain_eec28292b4e0392b0c6d724c308f4c2c9beb0bd854ac5b147bf45d263c8c5729,eec28292b4.com,Domain,['B']
Domain_cc1dc0bd118c6a95792cf4d0759a3c609ce7ca86ab3083c60b1824d962b26ae0,cc1dc0bd11.com,Domain,['B']
Domain_e95155b1570f02fac727b3497752c7e782a5bca50e99461515d25cd4b2c346ac,e95155b157.com,Domain,[]
Domain_7c9211be3d00b29eab4ef7e13dbd08c253e7a5260a0ca5362e2c23ef2d5f40b1,7c9211be3d.com,Domain,[]
Domain_0838d13bef318dea0b30727fe9394a17c26ad761474c5ed72ad86603a0c253c5,0838d13bef.com,Domain,['B']
Domain_9b42ea8a1779cff8b931d0f5cceae27030fb5b45faa95ca04e6ebbd8a25dfa3d,9b42ea8a17.com,Domain,['B']
Domain_34ca6a4a7c099f5727c64c60df902fa58d144c5d727c0ff96e44669cb8c8d5e2,34ca6a4a7c.com,Domain,[]
Domain_7f547ba1c89334265764f93198a611fea6377faf4faffb9badb5b005d1884793,7f547ba1c8.com,Domain,['B']
Domain_40ee420cbba70fb92764b4b078fc9bce64c5aeebac3087740f873efa79bad083,40ee420cbb.com,Domain,['B']
