relation,source,target
r_dns_a,Domain_c49485402c54fc13da47f7296975c3bac05a06a0eff6a65f30ced9d3653cf791,IP_6db076df5d7e5f8e958d96f0f348ee7f2906e27a001e1f091497f290832c9b3d
r_dns_a,Domain_9ba95e94834913e1a79f11eae808a8a97aa3066f6b4ee877bb1de3cdfd566d3a,IP_8f2042f6966a2b390061434249e6ba0a15a6ef1c6eaa9988660dff2a10d61f0a
r_cert,Domain_9ba95e94834913e1a79f11eae808a8a97aa3066f6b4ee877bb1de3cdfd566d3a,Cert_fe794a69eacd63b21245bf4eda826222fc6c5862bebf77aa05459cb308cfd063
r_dns_a,Domain_f3e76026f02c4f81d9dce9124e9ff6f2fa94199866b983fcaa7d6eb77cc86ed2,IP_15e4c21258981ec2061ebd02a69c965188bae2f8af2058bf7d8023a7ab1482f5
r_dns_a,Domain_98e7bf6204aee009e7cfed7a300884324c04be0a044c25984f7fec18f562e94f,IP_de44de1ba1b1abd2985ed22451705470c1de47d88ac4968c532bc5a3665275f8
r_cert,Domain_98e7bf6204aee009e7cfed7a300884324c04be0a044c25984f7fec18f562e94f,Cert_fe794a69eacd63b21245bf4eda826222fc6c5862bebf77aa05459cb308cfd063
r_dns_a,Domain_028c9ca3b71533c1076aefd6898c9e325d11c0feef784be004bf4c846dee0c9d,IP_d736abaf7a66869822df56dc82293a2e871f3b4a5dd207192d5f5155c3e2a49b
r_cert,Domain_028c9ca3b71533c1076aefd6898c9e325d11c0feef784be004bf4c846dee0c9d,Cert_fe794a69eacd63b21245bf4eda826222fc6c5862bebf77aa05459cb308cfd063
r_dns_a,Domain_f0ec3b549d7261ad5cb31a7b59efed7b12185ce615b3bf58958cc6886f252590,IP_e3a290749918ab9b057cdaa8ce80eab3ffe362ed49ec94a67a829eb34be59352
r_dns_a,Domain_39080c29badc973a328bf69b9ba0a9e43e44408b36e623937e06aa93b4f2815a,IP_dc52e2450f0d7b632b74bba523c9f560799978e83372acdf0ec1f3f451bc90c6
r_cert,Domain_39080c29badc973a328bf69b9ba0a9e43e44408b36e623937e06aa93b4f2815a,Cert_fe794a69eacd63b21245bf4eda826222fc6c5862bebf77aa05459cb308cfd063
r_dns_a,Domain_19f26cfd08dce7b8b0b2a18ba31acf3e67abd6336a92d3ca7c91be7113b35952,IP_0068ef2b7c242e9a12847f2c30ba582a0bd6a1f53249e3bab1e6d91d44955790
r_dns_a,Domain_f6b2c2d6091b581bdd03e82be1505c4743c5c50de844cfee730bc8c0c85c1a5f,IP_ce8adb93fc3d3cb465f37853d9ea94dd5897010c07dc1130cc7b9cfa535d71e5
r_cert,Domain_f6b2c2d6091b581bdd03e82be1505c4743c5c50de844cfee730bc8c0c85c1a5f,Cert_fe794a69eacd63b21245bf4eda826222fc6c5862bebf77aa05459cb308cfd063
r_dns_a,Domain_28328037e5b47f01638d33c6fcf95b235b8cb16c94ab771a2de1bb70d255898b,IP_c829d272a62a6b587d728fc3986a4e86913be4a743dba385d05dce6dbeda87dc
r_dns_a,Domain_5899e73a72ecedf1ab7d1fc24e31eb5c849230df1aefcc64345ec8c8b3960c11,IP_01aa0d5a80f5f949203ce3d8ccf29128dd2c04f78fbd4e19b267a7a8dc5ecdd0
r_dns_a,Domain_a4695285bf75f7bd9c026fffd32b21d5fe7260716cfe251d87c806af6358f8ea,IP_b718335bae9f660aab3a8d4ff8deb5b595b552d091ba5f4f35ec0af50572b6a9
r_dns_a,Domain_d4741db24612cd2fb5123033707101f4ad818e302bcd9e75e821077388cae5ae,IP_01c9c25e662fa747c0df875d9a0a739e434252b929344aee1190ea5377144873
r_dns_a,Domain_ffd3c2bc28bc4605d7cf8006602602d6c71f3febb8aef3f008a1bf2f007f9cda,IP_f5702c9a1e922864d2f61af1605c31f0a1b9c3fcdafe761c087435fcb8e72bee
r_dns_a,Domain_1d8e02f35e2cba9afb64a653aec2d7703559001c9d4f24c9b119eba50c47df10,IP_94fb4d47d3920b6a5b74a8ce9e304377460fdffdf6582eca97eda2037bbe0b47
r_subdomain,Domain_1d8e02f35e2cba9afb64a653aec2d7703559001c9d4f24c9b119eba50c47df10,Domain_110fb52a3afd8dbd4d2c36688306166f216e5a19362ae554addf7677ee568aea
r_cert,Domain_1d8e02f35e2cba9afb64a653aec2d7703559001c9d4f24c9b119eba50c47df10,Cert_fe794a69eacd63b21245bf4eda826222fc6c5862bebf77aa05459cb308cfd063
r_whois_name,Domain_1d8e02f35e2cba9afb64a653aec2d7703559001c9d4f24c9b119eba50c47df10,Whois_Name_9bf9ce0d5302876657f37557cd8beb6dde7fb29f56370227ca7452c0904328f2
r_whois_email,Domain_1d8e02f35e2cba9afb64a653aec2d7703559001c9d4f24c9b119eba50c47df10,Whois_Email_91e0f65f5e2ade2b90edc1f31fe989f138a39f35650688c2da28ebb5ba29a7d8
r_whois_phone,Domain_1d8e02f35e2cba9afb64a653aec2d7703559001c9d4f24c9b119eba50c47df10,Whois_Phone_3c7409957132fe5ac233d4dd715dd018be212923b746abf8a94a96eb905fb8fb
r_dns_a,Domain_1d8e02f35e2cba9afb64a653aec2d7703559001c9d4f24c9b119eba50c47df10,IP_8825af1b085a177c9fbe38f62c83937cb896fd4c46cc6726fd9c641e5c0fea60
r_cert,Domain_cbcfca9b710f6ca9553023be46b562914a7c6edb1b3419299d7e419224ff6b8d,Cert_fe794a69eacd63b21245bf4eda826222fc6c5862bebf77aa05459cb308cfd063
r_dns_a,Domain_cbcfca9b710f6ca9553023be46b562914a7c6edb1b3419299d7e419224ff6b8d,IP_b5210c553cc048a784d3b21312f52e38c95d042006b5cd0f9d966305dd22b42e
r_dns_a,Domain_cbcfca9b710f6ca9553023be46b562914a7c6edb1b3419299d7e419224ff6b8d,IP_6578e24b72060c504d41825abbd3303085d44e9ef506cfd704b489cf026779ac
r_dns_a,Domain_5ad3ac1f3d134b09b2b1c51441ff745c3b923266421ff5094f18f91c5002dff0,IP_018a50bfe2a425b8bd0db8570c6bd1599a5568f18ec9fe31e13670ab64d7c9b5
r_dns_a,Domain_0ab53c772a2870d0f9f3df0ee9479b0f86d33216829a48b1f6e53aae1b4cd41a,IP_977374adffe8f66253067be7dd7772109e81aa90a18163d9a4caf436c85767f8
r_cert,Domain_0ab53c772a2870d0f9f3df0ee9479b0f86d33216829a48b1f6e53aae1b4cd41a,Cert_fe794a69eacd63b21245bf4eda826222fc6c5862bebf77aa05459cb308cfd063
r_dns_a,Domain_df7656aa825a94d242bed6f3c415dd546219eac6db2ab9f86d9cb32b74615fb3,IP_977374adffe8f66253067be7dd7772109e81aa90a18163d9a4caf436c85767f8
r_cert,Domain_df7656aa825a94d242bed6f3c415dd546219eac6db2ab9f86d9cb32b74615fb3,Cert_fe794a69eacd63b21245bf4eda826222fc6c5862bebf77aa05459cb308cfd063
r_dns_a,Domain_67d3b8ea2afa4a22e6a562c5f81ededcf5bf95e13f323b65fef38126e36a7ea4,IP_c78efe4f68498a490050f9251960fbe6d2c66ccb37c5541a7a89e4295368150a
r_cert,Domain_67d3b8ea2afa4a22e6a562c5f81ededcf5bf95e13f323b65fef38126e36a7ea4,Cert_fe794a69eacd63b21245bf4eda826222fc6c5862bebf77aa05459cb308cfd063
r_dns_a,Domain_ad605fe2cb2c8744ee0f4550a3872fc634e18f4f5a8a96051ee9a0b463a41bdf,IP_e3a290749918ab9b057cdaa8ce80eab3ffe362ed49ec94a67a829eb34be59352
r_dns_a,Domain_423f49522f6e59ff16254ec90f822c87862252157505ac4babb301e7d26b8264,IP_05cdbfe5ba1cc631b896c92287cce775bea01f6d1abd0a37347ba017ef655825
r_dns_a,Domain_dfa11c6e9f5ac26ea3ae8bbb66ddc06b4a1e002e6c2d1256e4f9b8294cd522ec,IP_05cdbfe5ba1cc631b896c92287cce775bea01f6d1abd0a37347ba017ef655825
r_dns_a,Domain_978c79fe61c7b693bf7c3d682f7e605e635414ae739ab6fe27689a344db6df20,IP_c829d272a62a6b587d728fc3986a4e86913be4a743dba385d05dce6dbeda87dc
r_dns_a,Domain_19e4da8be90d703784176ccf57b7b97604177a933b9eb011d1ab577f5c4f6359,IP_9001f130d82f96d41f92fdcefe27d13485fb9794089bf0e0d44786b26fa75d40
r_dns_a,Domain_de1653b4609d6678b92fe3d28257cdeb21f31c5a2b5ba0c88048b146114e2ecb,IP_e3a290749918ab9b057cdaa8ce80eab3ffe362ed49ec94a67a829eb34be59352
r_dns_a,Domain_0edd6d61bdf3c91dedfae047bde6b92bf0dba7f80a24ef8f100bc7c4a0bf9947,IP_01c9c25e662fa747c0df875d9a0a739e434252b929344aee1190ea5377144873
r_cert,Domain_0edd6d61bdf3c91dedfae047bde6b92bf0dba7f80a24ef8f100bc7c4a0bf9947,Cert_fe794a69eacd63b21245bf4eda826222fc6c5862bebf77aa05459cb308cfd063
r_cert,Domain_8e23833c9e45b08ed21b3e0515bc06b256cfce61b3625d5fbd03b7fe32bfbd0b,Cert_fe794a69eacd63b21245bf4eda826222fc6c5862bebf77aa05459cb308cfd063
r_cert,Domain_ccbcffe4415023d04d110ed9cfd30ac24c998e9ab6952679be87c5306ebc555d,Cert_fe794a69eacd63b21245bf4eda826222fc6c5862bebf77aa05459cb308cfd063
r_dns_a,Domain_ccbcffe4415023d04d110ed9cfd30ac24c998e9ab6952679be87c5306ebc555d,IP_6465d9f96b6606ab83bfa89b958183663d8a4a5f09568f0982b8902c87dec99e
r_dns_a,Domain_ccbcffe4415023d04d110ed9cfd30ac24c998e9ab6952679be87c5306ebc555d,IP_ba19fc49c6c23365e12c62c749072d063a9537153e0bc2da748a5710b18683cd
r_dns_a,Domain_91a9103834d89ec349746426db402ea787ede4753994fc0eeeddf0649acbde2a,IP_f2106c9f63e4bcb2d9de2c7bc548425c70beddf349f8d8ca33ed256e17446ce5
r_dns_a,Domain_4bdcfb9fc4f6a8f8c1aac8e416d57c28f923619f7a3019cd22d04b88d000189a,IP_b718335bae9f660aab3a8d4ff8deb5b595b552d091ba5f4f35ec0af50572b6a9
r_dns_a,Domain_b0db5e33bb91089520046ff41da4b0d81d7a0fbe23e1046106554c79f8c8659c,IP_4388239df158d109a77362b1005f194160349eb19f4882e017c8316af464f9c2
r_dns_a,Domain_aec861debcab6754792ba84c10bbce3c8fc7a674a662d669861ebe52f653d167,IP_6d21c01a117c24b55da6020f19cc5af73578b8d02f5a6a4c3076c6ef1becacd7
r_cert,Domain_aec861debcab6754792ba84c10bbce3c8fc7a674a662d669861ebe52f653d167,Cert_fe794a69eacd63b21245bf4eda826222fc6c5862bebf77aa05459cb308cfd063
r_dns_a,Domain_2ebb4d08bd54baa0f3d0f2a966ba1d2253f927a650f031810b711c51215d70ca,IP_c5d1ab1a4c62457361bbdc17f38467c537cf67771f32cb31f17d6c3d3a85a468
r_cert,Domain_2ebb4d08bd54baa0f3d0f2a966ba1d2253f927a650f031810b711c51215d70ca,Cert_fe794a69eacd63b21245bf4eda826222fc6c5862bebf77aa05459cb308cfd063
r_dns_a,Domain_3892158bea4ee78100c3a6da38290c86ecba46515d72a8db54b70ed465ffa02a,IP_4adce6eeb27b7b80000e749092e05a30c37a0ecff58e8948301bf801e5876678
r_cert,Domain_3892158bea4ee78100c3a6da38290c86ecba46515d72a8db54b70ed465ffa02a,Cert_fe794a69eacd63b21245bf4eda826222fc6c5862bebf77aa05459cb308cfd063
r_dns_a,Domain_95d1f188177ce5ac1b5bf230359038770fcf7d58fc4d87e3017628b3c573df2a,IP_d05e54f020e3f0d15165e0a0a0dcd7395ff6b5d58db4e1aca1fe3e46afdd449f
r_cert,Domain_3c41715e572146435538187f2e6acfd9f2acf827801199a40f8da35100cab58e,Cert_fe794a69eacd63b21245bf4eda826222fc6c5862bebf77aa05459cb308cfd063
r_dns_a,Domain_3c41715e572146435538187f2e6acfd9f2acf827801199a40f8da35100cab58e,IP_d9d4a8a84eb66b20064ca0b312f2e9d72d32f345d580cb7360b68f835fc71dad
r_dns_a,Domain_3c41715e572146435538187f2e6acfd9f2acf827801199a40f8da35100cab58e,IP_a0fdad40ba7f407c9c2a5e28cb9bf5543afbbd895cb65924e266b9845442755a
r_dns_a,Domain_a078f2fb9ab03f165b41a7f7881b489e0ee8fb0e8158b2a848450c3f323a42b1,IP_e3a290749918ab9b057cdaa8ce80eab3ffe362ed49ec94a67a829eb34be59352
r_dns_a,Domain_39d49278dfcc8228bfacef62db3c5f6e8a60e96a94fe545f6ab88052d758ae5e,IP_b3d68e2cf9c5da3e78f365a23714e2e3ca6f63c5876727b69bac0fde045224af
r_cert,Domain_39d49278dfcc8228bfacef62db3c5f6e8a60e96a94fe545f6ab88052d758ae5e,Cert_fe794a69eacd63b21245bf4eda826222fc6c5862bebf77aa05459cb308cfd063
r_dns_a,Domain_4ee6284533b054b9f657d077fb8dc4ea1d855294e293df216adeec15c36c1531,IP_43b2f7847fcf430d7f662df02ee2d5783d8ab9ae52b98644dfb534219877820e
r_cert,Domain_4ee6284533b054b9f657d077fb8dc4ea1d855294e293df216adeec15c36c1531,Cert_fe794a69eacd63b21245bf4eda826222fc6c5862bebf77aa05459cb308cfd063
r_dns_a,Domain_1fa77daab498b0dedbc88db7c14647b9c964081f0905ed1cb38d5c9aa8118493,IP_c78efe4f68498a490050f9251960fbe6d2c66ccb37c5541a7a89e4295368150a
r_cert,Domain_1fa77daab498b0dedbc88db7c14647b9c964081f0905ed1cb38d5c9aa8118493,Cert_fe794a69eacd63b21245bf4eda826222fc6c5862bebf77aa05459cb308cfd063
r_dns_a,Domain_e5faee798ab94195e75d453c625b9778a33b5df78d7b2c28e012c689836cfe9a,IP_94fb4d47d3920b6a5b74a8ce9e304377460fdffdf6582eca97eda2037bbe0b47
r_cert,Domain_e5faee798ab94195e75d453c625b9778a33b5df78d7b2c28e012c689836cfe9a,Cert_fe794a69eacd63b21245bf4eda826222fc6c5862bebf77aa05459cb308cfd063
r_dns_a,Domain_e5faee798ab94195e75d453c625b9778a33b5df78d7b2c28e012c689836cfe9a,IP_8825af1b085a177c9fbe38f62c83937cb896fd4c46cc6726fd9c641e5c0fea60
r_dns_a,Domain_8f039959bfbe68b1ca9c8f35038ca2873764410d67a2f74f6acb4ea3b4fb417e,IP_e3ee7ed28741248cf74a18dc24f22f645447df562a70644ab5c481a3b0e71894
r_dns_a,Domain_6bc88e3c884b0c23707bc738d2817b52973b38d6197e6dc38e9d38ba1fbb23be,IP_05cdbfe5ba1cc631b896c92287cce775bea01f6d1abd0a37347ba017ef655825
r_cname,Domain_366244592364299707e33731d928c96df664d8beabce7066f2399687d9c81261,Domain_f3554b666038baffa5814c319d3053ee2c2eb30d31d0ef509a1a463386b69845
r_dns_a,Domain_366244592364299707e33731d928c96df664d8beabce7066f2399687d9c81261,IP_180ec840d57b66390033e9f0145b6dc76a7213c42d0992faeaaf5719ba7273a2
r_dns_a,Domain_d63779cff38ed12da5c60cadb1e3552678c9d0baee20db3ad1d442e1543a4dd4,IP_e3a290749918ab9b057cdaa8ce80eab3ffe362ed49ec94a67a829eb34be59352
r_dns_a,Domain_0217539d91122ae886f11de82ed4ba18b7b700b2a0a3f21c360209cc52894b3d,IP_43b2f7847fcf430d7f662df02ee2d5783d8ab9ae52b98644dfb534219877820e
r_dns_a,Domain_4c85f5eba417a15a32bf2085219f7fcb4629561a9bf081a9d8ccd6f772e1708b,IP_15e4c21258981ec2061ebd02a69c965188bae2f8af2058bf7d8023a7ab1482f5
r_dns_a,Domain_9f1b698920818a2a72555fa315d278c14878debd790694b9a41a3566829f29b9,IP_4adce6eeb27b7b80000e749092e05a30c37a0ecff58e8948301bf801e5876678
r_dns_a,Domain_3c25ff48b85cb62f4acbff58f041fcd14fe214964c71f1a1ece33d0549cc6279,IP_76e8ea5da433550c107acf457309a1c976c7f0c421962ac1282c6a3c358117ee
r_cert,Domain_3c25ff48b85cb62f4acbff58f041fcd14fe214964c71f1a1ece33d0549cc6279,Cert_fe794a69eacd63b21245bf4eda826222fc6c5862bebf77aa05459cb308cfd063
r_dns_a,Domain_1a236faa6f4a2694eb3ca315361a3065433fe9e73c040664ae9c202cdc31105d,IP_e3ee7ed28741248cf74a18dc24f22f645447df562a70644ab5c481a3b0e71894
r_subdomain,Domain_110fb52a3afd8dbd4d2c36688306166f216e5a19362ae554addf7677ee568aea,Domain_1d8e02f35e2cba9afb64a653aec2d7703559001c9d4f24c9b119eba50c47df10
r_subdomain,Domain_110fb52a3afd8dbd4d2c36688306166f216e5a19362ae554addf7677ee568aea,Domain_b7af15dc2d23975636f842ca83414a36cd310512d2e59f7535291ae4c6ad2e5e
r_subdomain,Domain_110fb52a3afd8dbd4d2c36688306166f216e5a19362ae554addf7677ee568aea,Domain_0ab53c772a2870d0f9f3df0ee9479b0f86d33216829a48b1f6e53aae1b4cd41a
r_subdomain,Domain_110fb52a3afd8dbd4d2c36688306166f216e5a19362ae554addf7677ee568aea,Domain_e5ca68deb1b32afbaceaadcd7019b41ca516d7256fc598e37e56cd875822250e
r_subdomain,Domain_110fb52a3afd8dbd4d2c36688306166f216e5a19362ae554addf7677ee568aea,Domain_5f9dfc1c7d94f7e5b035b10676e0bacb4129133540d7dbcbf493349e1c2c6f34
r_subdomain,Domain_110fb52a3afd8dbd4d2c36688306166f216e5a19362ae554addf7677ee568aea,Domain_5e8d8037ef3052062cc6a41cb0cecb24f9f39441c361babe8656b7127a2d7614
r_subdomain,Domain_110fb52a3afd8dbd4d2c36688306166f216e5a19362ae554addf7677ee568aea,Domain_f3e76026f02c4f81d9dce9124e9ff6f2fa94199866b983fcaa7d6eb77cc86ed2
r_subdomain,Domain_110fb52a3afd8dbd4d2c36688306166f216e5a19362ae554addf7677ee568aea,Domain_bedabcc20eecb0dfea7288723eef9bf9c05714ea925481c494cb0d4fe5f5884e
r_subdomain,Domain_110fb52a3afd8dbd4d2c36688306166f216e5a19362ae554addf7677ee568aea,Domain_70f7e47b51d5f77d8df03a8cd7882977c9edadca1cd5eb06c9827d6d8bc13db1
r_subdomain,Domain_110fb52a3afd8dbd4d2c36688306166f216e5a19362ae554addf7677ee568aea,Domain_3c25ff48b85cb62f4acbff58f041fcd14fe214964c71f1a1ece33d0549cc6279
r_subdomain,Domain_110fb52a3afd8dbd4d2c36688306166f216e5a19362ae554addf7677ee568aea,Domain_6936db934123cfd7c4ef00c5e31138a955e1af098d55883c70b3d9144ebe79e4
r_subdomain,Domain_110fb52a3afd8dbd4d2c36688306166f216e5a19362ae554addf7677ee568aea,Domain_978c79fe61c7b693bf7c3d682f7e605e635414ae739ab6fe27689a344db6df20
r_subdomain,Domain_110fb52a3afd8dbd4d2c36688306166f216e5a19362ae554addf7677ee568aea,Domain_5ee258d1b160d2d31a371e34515325e24baf420def9cfbc84dea407fd3eea642
r_subdomain,Domain_110fb52a3afd8dbd4d2c36688306166f216e5a19362ae554addf7677ee568aea,Domain_f6b2c2d6091b581bdd03e82be1505c4743c5c50de844cfee730bc8c0c85c1a5f
r_subdomain,Domain_110fb52a3afd8dbd4d2c36688306166f216e5a19362ae554addf7677ee568aea,Domain_90d96a1c64f5e3f609d802bb131d8472721b7a5a737b8225db2eaf9824348548
r_subdomain,Domain_110fb52a3afd8dbd4d2c36688306166f216e5a19362ae554addf7677ee568aea,Domain_ccbcffe4415023d04d110ed9cfd30ac24c998e9ab6952679be87c5306ebc555d
r_subdomain,Domain_110fb52a3afd8dbd4d2c36688306166f216e5a19362ae554addf7677ee568aea,Domain_52f74712030a0fa4d3b7894dd05c167a1c2ac29aeda8dc78e17c52e27ef775b4
r_subdomain,Domain_110fb52a3afd8dbd4d2c36688306166f216e5a19362ae554addf7677ee568aea,Domain_dd70b88277266e83014ab45ffc5425e55f071165a18540450db0c5e099f33f86
r_subdomain,Domain_110fb52a3afd8dbd4d2c36688306166f216e5a19362ae554addf7677ee568aea,Domain_19f26cfd08dce7b8b0b2a18ba31acf3e67abd6336a92d3ca7c91be7113b35952
r_subdomain,Domain_110fb52a3afd8dbd4d2c36688306166f216e5a19362ae554addf7677ee568aea,Domain_02be00d94beedee6a5ab985944aa395e35a3c6f1e2fb4d758acfbaf4b1276dc6
r_subdomain,Domain_110fb52a3afd8dbd4d2c36688306166f216e5a19362ae554addf7677ee568aea,Domain_fca5b3f60da749995622dac13dbcc0ea23523e38972470f4f56be240e4d35148
r_subdomain,Domain_110fb52a3afd8dbd4d2c36688306166f216e5a19362ae554addf7677ee568aea,Domain_472737e1ca293584b27df51158e88e169d66e4e670dbe3549ab0281c964ee738
r_subdomain,Domain_110fb52a3afd8dbd4d2c36688306166f216e5a19362ae554addf7677ee568aea,Domain_a4695285bf75f7bd9c026fffd32b21d5fe7260716cfe251d87c806af6358f8ea
r_subdomain,Domain_110fb52a3afd8dbd4d2c36688306166f216e5a19362ae554addf7677ee568aea,Domain_39080c29badc973a328bf69b9ba0a9e43e44408b36e623937e06aa93b4f2815a
r_subdomain,Domain_110fb52a3afd8dbd4d2c36688306166f216e5a19362ae554addf7677ee568aea,Domain_028c9ca3b71533c1076aefd6898c9e325d11c0feef784be004bf4c846dee0c9d
r_subdomain,Domain_110fb52a3afd8dbd4d2c36688306166f216e5a19362ae554addf7677ee568aea,Domain_39d49278dfcc8228bfacef62db3c5f6e8a60e96a94fe545f6ab88052d758ae5e
r_subdomain,Domain_110fb52a3afd8dbd4d2c36688306166f216e5a19362ae554addf7677ee568aea,Domain_8c588031142f1026d8ee97774a6949737f13c6f8a099df4369ea79d63e3b2411
r_subdomain,Domain_110fb52a3afd8dbd4d2c36688306166f216e5a19362ae554addf7677ee568aea,Domain_8f039959bfbe68b1ca9c8f35038ca2873764410d67a2f74f6acb4ea3b4fb417e
r_subdomain,Domain_110fb52a3afd8dbd4d2c36688306166f216e5a19362ae554addf7677ee568aea,Domain_28134a98d3f6da2a5463d854e7b232950c72f933350253998c75ee8a3216b26c
r_subdomain,Domain_110fb52a3afd8dbd4d2c36688306166f216e5a19362ae554addf7677ee568aea,Domain_d0af0f2264af0015dea4682138c412a3209b63d8296729f4c36bcb5f29fcd84b
r_subdomain,Domain_110fb52a3afd8dbd4d2c36688306166f216e5a19362ae554addf7677ee568aea,Domain_aec861debcab6754792ba84c10bbce3c8fc7a674a662d669861ebe52f653d167
r_subdomain,Domain_110fb52a3afd8dbd4d2c36688306166f216e5a19362ae554addf7677ee568aea,Domain_f064440758ac789b27083e83b820b61eefbbf647186a98b76c8d59dc7050e6b1
r_subdomain,Domain_110fb52a3afd8dbd4d2c36688306166f216e5a19362ae554addf7677ee568aea,Domain_9f1b698920818a2a72555fa315d278c14878debd790694b9a41a3566829f29b9
r_subdomain,Domain_110fb52a3afd8dbd4d2c36688306166f216e5a19362ae554addf7677ee568aea,Domain_4bdcfb9fc4f6a8f8c1aac8e416d57c28f923619f7a3019cd22d04b88d000189a
r_subdomain,Domain_110fb52a3afd8dbd4d2c36688306166f216e5a19362ae554addf7677ee568aea,Domain_ed79695a28d66768ce5f0f4fead8289ffb05c69edab7c5d25b964736bdda6741
r_subdomain,Domain_110fb52a3afd8dbd4d2c36688306166f216e5a19362ae554addf7677ee568aea,Domain_62d9736c9bb7e1471c9225cf9273ed51e1ef582283e666d75976d9afc1e0a902
r_subdomain,Domain_110fb52a3afd8dbd4d2c36688306166f216e5a19362ae554addf7677ee568aea,Domain_3892158bea4ee78100c3a6da38290c86ecba46515d72a8db54b70ed465ffa02a
r_subdomain,Domain_110fb52a3afd8dbd4d2c36688306166f216e5a19362ae554addf7677ee568aea,Domain_891b914358632aef832cca07a6d0be743b1f98589033285ad8634c428eee9d63
r_subdomain,Domain_110fb52a3afd8dbd4d2c36688306166f216e5a19362ae554addf7677ee568aea,Domain_45db40580897e0d5cae84d0c578da9836fb0ca14bc0585e1adfaff3e4bfd6039
r_subdomain,Domain_110fb52a3afd8dbd4d2c36688306166f216e5a19362ae554addf7677ee568aea,Domain_e5faee798ab94195e75d453c625b9778a33b5df78d7b2c28e012c689836cfe9a
r_subdomain,Domain_110fb52a3afd8dbd4d2c36688306166f216e5a19362ae554addf7677ee568aea,Domain_dfa11c6e9f5ac26ea3ae8bbb66ddc06b4a1e002e6c2d1256e4f9b8294cd522ec
r_subdomain,Domain_110fb52a3afd8dbd4d2c36688306166f216e5a19362ae554addf7677ee568aea,Domain_a98a0b001f5d3e7886c96fd9435a66f4d0ad19e71c6da73db2ef6a62855a7ebc
r_subdomain,Domain_110fb52a3afd8dbd4d2c36688306166f216e5a19362ae554addf7677ee568aea,Domain_3c41715e572146435538187f2e6acfd9f2acf827801199a40f8da35100cab58e
r_subdomain,Domain_110fb52a3afd8dbd4d2c36688306166f216e5a19362ae554addf7677ee568aea,Domain_c49485402c54fc13da47f7296975c3bac05a06a0eff6a65f30ced9d3653cf791
r_subdomain,Domain_110fb52a3afd8dbd4d2c36688306166f216e5a19362ae554addf7677ee568aea,Domain_8a30895216e3e8a3ec5623411f694acf51cd2788bb28cfaae2c84696a3782f6a
r_subdomain,Domain_110fb52a3afd8dbd4d2c36688306166f216e5a19362ae554addf7677ee568aea,Domain_4ee6284533b054b9f657d077fb8dc4ea1d855294e293df216adeec15c36c1531
r_subdomain,Domain_110fb52a3afd8dbd4d2c36688306166f216e5a19362ae554addf7677ee568aea,Domain_95d1f188177ce5ac1b5bf230359038770fcf7d58fc4d87e3017628b3c573df2a
r_subdomain,Domain_110fb52a3afd8dbd4d2c36688306166f216e5a19362ae554addf7677ee568aea,Domain_cbcfca9b710f6ca9553023be46b562914a7c6edb1b3419299d7e419224ff6b8d
r_subdomain,Domain_110fb52a3afd8dbd4d2c36688306166f216e5a19362ae554addf7677ee568aea,Domain_f1945ec67dc544ca573ea50b5e08f71eee89b4bd78a8cf0090ed6ef1cd5652e1
r_subdomain,Domain_110fb52a3afd8dbd4d2c36688306166f216e5a19362ae554addf7677ee568aea,Domain_7cd5720a3027e28d35061514f7afc3a70515d17afc09eb21381fddfb20e77e50
r_subdomain,Domain_110fb52a3afd8dbd4d2c36688306166f216e5a19362ae554addf7677ee568aea,Domain_4c85f5eba417a15a32bf2085219f7fcb4629561a9bf081a9d8ccd6f772e1708b
r_subdomain,Domain_110fb52a3afd8dbd4d2c36688306166f216e5a19362ae554addf7677ee568aea,Domain_e3d730da55c2629746cedea646a50205d89e9223a88026ed8f618460c5492210
r_subdomain,Domain_110fb52a3afd8dbd4d2c36688306166f216e5a19362ae554addf7677ee568aea,Domain_f651cc7f18750470c5d41e72504aae9b1e6701d9871ae00c670e820bd35e760f
r_subdomain,Domain_110fb52a3afd8dbd4d2c36688306166f216e5a19362ae554addf7677ee568aea,Domain_a6834ab5a2711ef098282632bf52be673c6ed268b4c3205b1d08ddb4cae7d70c
r_subdomain,Domain_110fb52a3afd8dbd4d2c36688306166f216e5a19362ae554addf7677ee568aea,Domain_9ba95e94834913e1a79f11eae808a8a97aa3066f6b4ee877bb1de3cdfd566d3a
r_subdomain,Domain_110fb52a3afd8dbd4d2c36688306166f216e5a19362ae554addf7677ee568aea,Domain_ec5d224b5be436a9abc7ad6a9c618984c01b9e940c9a9b6b22a6ac64b8833b38
r_subdomain,Domain_110fb52a3afd8dbd4d2c36688306166f216e5a19362ae554addf7677ee568aea,Domain_28328037e5b47f01638d33c6fcf95b235b8cb16c94ab771a2de1bb70d255898b
r_subdomain,Domain_110fb52a3afd8dbd4d2c36688306166f216e5a19362ae554addf7677ee568aea,Domain_0c7280c643aefe9d20b5d85277a072d1250ee4d47f8cf9cf6634c2717f726129
r_subdomain,Domain_110fb52a3afd8dbd4d2c36688306166f216e5a19362ae554addf7677ee568aea,Domain_ab5a3f699f5740d40331a599348639362737a1abbafbb0d7d301840a27f97296
r_subdomain,Domain_110fb52a3afd8dbd4d2c36688306166f216e5a19362ae554addf7677ee568aea,Domain_1fa77daab498b0dedbc88db7c14647b9c964081f0905ed1cb38d5c9aa8118493
r_subdomain,Domain_110fb52a3afd8dbd4d2c36688306166f216e5a19362ae554addf7677ee568aea,Domain_5899e73a72ecedf1ab7d1fc24e31eb5c849230df1aefcc64345ec8c8b3960c11
r_subdomain,Domain_110fb52a3afd8dbd4d2c36688306166f216e5a19362ae554addf7677ee568aea,Domain_5ad3ac1f3d134b09b2b1c51441ff745c3b923266421ff5094f18f91c5002dff0
r_subdomain,Domain_110fb52a3afd8dbd4d2c36688306166f216e5a19362ae554addf7677ee568aea,Domain_1a236faa6f4a2694eb3ca315361a3065433fe9e73c040664ae9c202cdc31105d
r_subdomain,Domain_110fb52a3afd8dbd4d2c36688306166f216e5a19362ae554addf7677ee568aea,Domain_19e4da8be90d703784176ccf57b7b97604177a933b9eb011d1ab577f5c4f6359
r_subdomain,Domain_110fb52a3afd8dbd4d2c36688306166f216e5a19362ae554addf7677ee568aea,Domain_98e7bf6204aee009e7cfed7a300884324c04be0a044c25984f7fec18f562e94f
r_subdomain,Domain_110fb52a3afd8dbd4d2c36688306166f216e5a19362ae554addf7677ee568aea,Domain_8e23833c9e45b08ed21b3e0515bc06b256cfce61b3625d5fbd03b7fe32bfbd0b
r_subdomain,Domain_110fb52a3afd8dbd4d2c36688306166f216e5a19362ae554addf7677ee568aea,Domain_ef09476dda77bf97dfdec986c80615fc24fb334f353d5cbbf57e5c4df5671c2b
r_subdomain,Domain_110fb52a3afd8dbd4d2c36688306166f216e5a19362ae554addf7677ee568aea,Domain_b7791fc211a0f5891452cd46fdb66fd0fe69c5529c4f60fc9a462317c0c2cd58
r_subdomain,Domain_110fb52a3afd8dbd4d2c36688306166f216e5a19362ae554addf7677ee568aea,Domain_0217539d91122ae886f11de82ed4ba18b7b700b2a0a3f21c360209cc52894b3d
r_subdomain,Domain_110fb52a3afd8dbd4d2c36688306166f216e5a19362ae554addf7677ee568aea,Domain_80313ca72573c9d6f75d940da9904ea66ae18f3c37803a51d5e4c9837b2de7ea
r_subdomain,Domain_110fb52a3afd8dbd4d2c36688306166f216e5a19362ae554addf7677ee568aea,Domain_67d3b8ea2afa4a22e6a562c5f81ededcf5bf95e13f323b65fef38126e36a7ea4
r_subdomain,Domain_110fb52a3afd8dbd4d2c36688306166f216e5a19362ae554addf7677ee568aea,Domain_9e0304c6b127afd4af74eb05a051e7e4c89452948618675a1bc04119e8aeca55
r_subdomain,Domain_110fb52a3afd8dbd4d2c36688306166f216e5a19362ae554addf7677ee568aea,Domain_7cd6d9730d30d4a057efbbeae01ae8b1fd42f4ad396db403e319ff7873fe39b2
r_subdomain,Domain_110fb52a3afd8dbd4d2c36688306166f216e5a19362ae554addf7677ee568aea,Domain_0524e302cc6a9722eb88aa5f8a4aac02019d657cf52442ee1e67707b1512cd5d
r_subdomain,Domain_110fb52a3afd8dbd4d2c36688306166f216e5a19362ae554addf7677ee568aea,Domain_df7656aa825a94d242bed6f3c415dd546219eac6db2ab9f86d9cb32b74615fb3
r_subdomain,Domain_110fb52a3afd8dbd4d2c36688306166f216e5a19362ae554addf7677ee568aea,Domain_c75f9952e00a5878b1f95169b95bf4624b383b86d5761bbfede8523b74facd4e
r_subdomain,Domain_110fb52a3afd8dbd4d2c36688306166f216e5a19362ae554addf7677ee568aea,Domain_ec784e606be17c3051d9a77f1c80a7f4919b42317d055ab9542b7278f7c0e8af
r_subdomain,Domain_110fb52a3afd8dbd4d2c36688306166f216e5a19362ae554addf7677ee568aea,Domain_bd50bde5ef6e8a7951d2469815e0b7eaf09eeb6dcccab052eeafda02acfac81d
r_subdomain,Domain_110fb52a3afd8dbd4d2c36688306166f216e5a19362ae554addf7677ee568aea,Domain_423f49522f6e59ff16254ec90f822c87862252157505ac4babb301e7d26b8264
r_subdomain,Domain_110fb52a3afd8dbd4d2c36688306166f216e5a19362ae554addf7677ee568aea,Domain_beb4104480f05995e03e659ff796558764e21640627f61d7a04acb2c322dce04
r_subdomain,Domain_110fb52a3afd8dbd4d2c36688306166f216e5a19362ae554addf7677ee568aea,Domain_df0bbca49330c0d1413808d0284ae819e15fd3efce714d54e1194c7ca5722be0
r_subdomain,Domain_110fb52a3afd8dbd4d2c36688306166f216e5a19362ae554addf7677ee568aea,Domain_2ebb4d08bd54baa0f3d0f2a966ba1d2253f927a650f031810b711c51215d70ca
r_subdomain,Domain_110fb52a3afd8dbd4d2c36688306166f216e5a19362ae554addf7677ee568aea,Domain_a8d582cad812b3646acf8654ddb62ed6155534461dfc96a2cfe2f0f2fdf40273
r_subdomain,Domain_110fb52a3afd8dbd4d2c36688306166f216e5a19362ae554addf7677ee568aea,Domain_d1c52803b902bbb7ada656a86f5a438609bf05a51faa99b47c9a66d49b271fa4
r_subdomain,Domain_110fb52a3afd8dbd4d2c36688306166f216e5a19362ae554addf7677ee568aea,Domain_0edd6d61bdf3c91dedfae047bde6b92bf0dba7f80a24ef8f100bc7c4a0bf9947
r_subdomain,Domain_110fb52a3afd8dbd4d2c36688306166f216e5a19362ae554addf7677ee568aea,Domain_a078f2fb9ab03f165b41a7f7881b489e0ee8fb0e8158b2a848450c3f323a42b1
r_subdomain,Domain_110fb52a3afd8dbd4d2c36688306166f216e5a19362ae554addf7677ee568aea,Domain_fc8f4c87f0171195d0f1fc986f219da7b0d1bf49591e7ebe694ee482b87c789f
r_subdomain,Domain_110fb52a3afd8dbd4d2c36688306166f216e5a19362ae554addf7677ee568aea,Domain_154c8a03f7a61170f2937a3c354e68220992630533a9db4dc7809aeb048970c0
r_subdomain,Domain_110fb52a3afd8dbd4d2c36688306166f216e5a19362ae554addf7677ee568aea,Domain_562032c2efee9a984705b0900140ad1bcc3970da8ffd042f6d4a045cd30cf093
r_subdomain,Domain_110fb52a3afd8dbd4d2c36688306166f216e5a19362ae554addf7677ee568aea,Domain_91a9103834d89ec349746426db402ea787ede4753994fc0eeeddf0649acbde2a
r_subdomain,Domain_110fb52a3afd8dbd4d2c36688306166f216e5a19362ae554addf7677ee568aea,Domain_ffd3c2bc28bc4605d7cf8006602602d6c71f3febb8aef3f008a1bf2f007f9cda
r_subdomain,Domain_110fb52a3afd8dbd4d2c36688306166f216e5a19362ae554addf7677ee568aea,Domain_de1653b4609d6678b92fe3d28257cdeb21f31c5a2b5ba0c88048b146114e2ecb
r_subdomain,Domain_110fb52a3afd8dbd4d2c36688306166f216e5a19362ae554addf7677ee568aea,Domain_d4741db24612cd2fb5123033707101f4ad818e302bcd9e75e821077388cae5ae
r_subdomain,Domain_110fb52a3afd8dbd4d2c36688306166f216e5a19362ae554addf7677ee568aea,Domain_22c8647c2e543ae2cac70e484c11b45032123c7bafe97e0d8805cd6b717a7f0a
r_subdomain,Domain_110fb52a3afd8dbd4d2c36688306166f216e5a19362ae554addf7677ee568aea,Domain_f0ec3b549d7261ad5cb31a7b59efed7b12185ce615b3bf58958cc6886f252590
r_subdomain,Domain_110fb52a3afd8dbd4d2c36688306166f216e5a19362ae554addf7677ee568aea,Domain_d63779cff38ed12da5c60cadb1e3552678c9d0baee20db3ad1d442e1543a4dd4
r_subdomain,Domain_110fb52a3afd8dbd4d2c36688306166f216e5a19362ae554addf7677ee568aea,Domain_98332e81c9c2ed3e2091f34e93465042639d4b106baff7651395dc12430db72b
r_subdomain,Domain_110fb52a3afd8dbd4d2c36688306166f216e5a19362ae554addf7677ee568aea,Domain_6bc88e3c884b0c23707bc738d2817b52973b38d6197e6dc38e9d38ba1fbb23be
r_subdomain,Domain_110fb52a3afd8dbd4d2c36688306166f216e5a19362ae554addf7677ee568aea,Domain_301d5caca0e5d367fa022d3273123cc25b1945821db95ab251d692df75ae69a0
r_subdomain,Domain_110fb52a3afd8dbd4d2c36688306166f216e5a19362ae554addf7677ee568aea,Domain_ad605fe2cb2c8744ee0f4550a3872fc634e18f4f5a8a96051ee9a0b463a41bdf
r_dns_a,Domain_fca5b3f60da749995622dac13dbcc0ea23523e38972470f4f56be240e4d35148,IP_9001f130d82f96d41f92fdcefe27d13485fb9794089bf0e0d44786b26fa75d40
r_cert,Domain_fca5b3f60da749995622dac13dbcc0ea23523e38972470f4f56be240e4d35148,Cert_fe794a69eacd63b21245bf4eda826222fc6c5862bebf77aa05459cb308cfd063
r_dns_a,Domain_d1c52803b902bbb7ada656a86f5a438609bf05a51faa99b47c9a66d49b271fa4,IP_853a6d72481d83abec3c036333e3c87c1f15f2c4114f7f64b6cbf0e83e6b4ce7
r_dns_a,Domain_0c7280c643aefe9d20b5d85277a072d1250ee4d47f8cf9cf6634c2717f726129,IP_d05e54f020e3f0d15165e0a0a0dcd7395ff6b5d58db4e1aca1fe3e46afdd449f
r_dns_a,Domain_154c8a03f7a61170f2937a3c354e68220992630533a9db4dc7809aeb048970c0,IP_de75aa6515a8599f799858409a0463b0384ddef537437ce8bc56683ca540c99a
r_dns_a,Domain_301d5caca0e5d367fa022d3273123cc25b1945821db95ab251d692df75ae69a0,IP_191be97bd4e62ebccbe33cc16df49573bdb6ef57d475c62b5cf8dec1ba0e6710
r_cert,Domain_301d5caca0e5d367fa022d3273123cc25b1945821db95ab251d692df75ae69a0,Cert_fe794a69eacd63b21245bf4eda826222fc6c5862bebf77aa05459cb308cfd063
r_dns_a,Domain_ed79695a28d66768ce5f0f4fead8289ffb05c69edab7c5d25b964736bdda6741,IP_14260c5306b6407af8dd6afe0dcc79cf259a337ffaf8403013fd62d67e677f39
r_cert,Domain_ed79695a28d66768ce5f0f4fead8289ffb05c69edab7c5d25b964736bdda6741,Cert_fe794a69eacd63b21245bf4eda826222fc6c5862bebf77aa05459cb308cfd063
r_whois_name,Domain_c58c149eec59bb14b0c102a0f303d4c20366926b5c3206555d2937474124beb9,Whois_Name_db0925a5aeb1849fa7b41f7a29c1192d38e12e97fb6e82e72e894e3c733130ef
r_whois_email,Domain_c58c149eec59bb14b0c102a0f303d4c20366926b5c3206555d2937474124beb9,Whois_Email_5a3d16b7df3d815d5f3436bd5dd5c5e1054ee7cb74d4fd8d9efdf3af362a4a18
r_whois_phone,Domain_c58c149eec59bb14b0c102a0f303d4c20366926b5c3206555d2937474124beb9,Whois_Phone_f6974ce3fa84ae76d75b9211f3162155db77566a36c82549b66a9a3d966a928b
r_cname,Domain_c58c149eec59bb14b0c102a0f303d4c20366926b5c3206555d2937474124beb9,Domain_1d8e02f35e2cba9afb64a653aec2d7703559001c9d4f24c9b119eba50c47df10
r_dns_a,Domain_c58c149eec59bb14b0c102a0f303d4c20366926b5c3206555d2937474124beb9,IP_94fb4d47d3920b6a5b74a8ce9e304377460fdffdf6582eca97eda2037bbe0b47
r_cert,Domain_c58c149eec59bb14b0c102a0f303d4c20366926b5c3206555d2937474124beb9,Cert_fe794a69eacd63b21245bf4eda826222fc6c5862bebf77aa05459cb308cfd063
r_dns_a,Domain_9e0304c6b127afd4af74eb05a051e7e4c89452948618675a1bc04119e8aeca55,IP_9ead1b86e7ee90ad0d49deefba3e2fec1c9f015ec2d8d6df0ce471e59b2b1b29
r_cname,Domain_b6ae03c6b2e79be5e1f2b2938fb27069996d9a29daa6e3e8f63da65a7baba520,Domain_807a8a1a5282607c2063a5b0365268b25f0f62d61741a3e25244840595f10dc3
r_dns_a,Domain_b6ae03c6b2e79be5e1f2b2938fb27069996d9a29daa6e3e8f63da65a7baba520,IP_fd1466e72d137176ee7d85c8b1d286fdfba318ff80048df9c18155704c997088
r_dns_a,Domain_ec784e606be17c3051d9a77f1c80a7f4919b42317d055ab9542b7278f7c0e8af,IP_977374adffe8f66253067be7dd7772109e81aa90a18163d9a4caf436c85767f8
r_cert,Domain_ec784e606be17c3051d9a77f1c80a7f4919b42317d055ab9542b7278f7c0e8af,Cert_fe794a69eacd63b21245bf4eda826222fc6c5862bebf77aa05459cb308cfd063
r_dns_a,Domain_28134a98d3f6da2a5463d854e7b232950c72f933350253998c75ee8a3216b26c,IP_09e01cd987d6300e608a0411955b94a0ebacfa51f84ab43b12509c50bc760299
r_cert,Domain_28134a98d3f6da2a5463d854e7b232950c72f933350253998c75ee8a3216b26c,Cert_fe794a69eacd63b21245bf4eda826222fc6c5862bebf77aa05459cb308cfd063
r_dns_a,Domain_f651cc7f18750470c5d41e72504aae9b1e6701d9871ae00c670e820bd35e760f,IP_c78efe4f68498a490050f9251960fbe6d2c66ccb37c5541a7a89e4295368150a
r_dns_a,Domain_7cd6d9730d30d4a057efbbeae01ae8b1fd42f4ad396db403e319ff7873fe39b2,IP_c60c636ab7aee8983aad7b8c879cf2d1b383fb77dfe44184a5c1b7d667783a05
r_dns_a,Domain_562032c2efee9a984705b0900140ad1bcc3970da8ffd042f6d4a045cd30cf093,IP_2f48f7c98d2552e18b42ec67b277bee3e1de168b30fa1052f554840ee0f45248
r_cert,Domain_562032c2efee9a984705b0900140ad1bcc3970da8ffd042f6d4a045cd30cf093,Cert_fe794a69eacd63b21245bf4eda826222fc6c5862bebf77aa05459cb308cfd063
r_cert,Domain_4a17a04e1db069c8eee11f9506ffa28eb0e7b2ec45d56a554598e236313e3a6f,Cert_90251c3412b1d10fed822153d9877b1dcb2eed0b35c174b2b1f8b1a58de9bc7f
r_dns_a,Domain_4a17a04e1db069c8eee11f9506ffa28eb0e7b2ec45d56a554598e236313e3a6f,IP_fd1466e72d137176ee7d85c8b1d286fdfba318ff80048df9c18155704c997088
r_dns_a,Domain_bedabcc20eecb0dfea7288723eef9bf9c05714ea925481c494cb0d4fe5f5884e,IP_853a6d72481d83abec3c036333e3c87c1f15f2c4114f7f64b6cbf0e83e6b4ce7
r_cert,Domain_bedabcc20eecb0dfea7288723eef9bf9c05714ea925481c494cb0d4fe5f5884e,Cert_fe794a69eacd63b21245bf4eda826222fc6c5862bebf77aa05459cb308cfd063
r_dns_a,Domain_8a30895216e3e8a3ec5623411f694acf51cd2788bb28cfaae2c84696a3782f6a,IP_76e8ea5da433550c107acf457309a1c976c7f0c421962ac1282c6a3c358117ee
r_cert,Domain_8a30895216e3e8a3ec5623411f694acf51cd2788bb28cfaae2c84696a3782f6a,Cert_fe794a69eacd63b21245bf4eda826222fc6c5862bebf77aa05459cb308cfd063
r_dns_a,Domain_d544953df628ea3b0268350be0b607e25f954435ac8582ab50205c7bc48c5685,IP_69a9464a6a800a5bd8a3635e8912467cb0c447cb90d3efe4adf77f3b4d9b6901
r_dns_a,Domain_b7791fc211a0f5891452cd46fdb66fd0fe69c5529c4f60fc9a462317c0c2cd58,IP_14260c5306b6407af8dd6afe0dcc79cf259a337ffaf8403013fd62d67e677f39
r_cert,Domain_b7791fc211a0f5891452cd46fdb66fd0fe69c5529c4f60fc9a462317c0c2cd58,Cert_fe794a69eacd63b21245bf4eda826222fc6c5862bebf77aa05459cb308cfd063
r_dns_a,Domain_a8d582cad812b3646acf8654ddb62ed6155534461dfc96a2cfe2f0f2fdf40273,IP_05cdbfe5ba1cc631b896c92287cce775bea01f6d1abd0a37347ba017ef655825
r_dns_a,Domain_7cd5720a3027e28d35061514f7afc3a70515d17afc09eb21381fddfb20e77e50,IP_3030fd5775a140426e9ddef51ad1b6d4c2a252f4bccc582b5dffba38bca9b0bd
r_cert,Domain_7cd5720a3027e28d35061514f7afc3a70515d17afc09eb21381fddfb20e77e50,Cert_fe794a69eacd63b21245bf4eda826222fc6c5862bebf77aa05459cb308cfd063
r_dns_a,Domain_45db40580897e0d5cae84d0c578da9836fb0ca14bc0585e1adfaff3e4bfd6039,IP_43b2f7847fcf430d7f662df02ee2d5783d8ab9ae52b98644dfb534219877820e
r_dns_a,Domain_6936db934123cfd7c4ef00c5e31138a955e1af098d55883c70b3d9144ebe79e4,IP_041e02ffc96980ac7af5ca4e7742939605a9703d8139af0933a6bcc04c99271c
r_cert,Domain_6936db934123cfd7c4ef00c5e31138a955e1af098d55883c70b3d9144ebe79e4,Cert_fe794a69eacd63b21245bf4eda826222fc6c5862bebf77aa05459cb308cfd063
r_dns_a,Domain_b7af15dc2d23975636f842ca83414a36cd310512d2e59f7535291ae4c6ad2e5e,IP_587b1eabcabd680a8c2830ade08a10948c14e25e010d38e88657bb94526ac6c8
r_dns_a,Domain_5e8d8037ef3052062cc6a41cb0cecb24f9f39441c361babe8656b7127a2d7614,IP_f5702c9a1e922864d2f61af1605c31f0a1b9c3fcdafe761c087435fcb8e72bee
r_cert,Domain_5e8d8037ef3052062cc6a41cb0cecb24f9f39441c361babe8656b7127a2d7614,Cert_fe794a69eacd63b21245bf4eda826222fc6c5862bebf77aa05459cb308cfd063
r_dns_a,Domain_c75f9952e00a5878b1f95169b95bf4624b383b86d5761bbfede8523b74facd4e,IP_977374adffe8f66253067be7dd7772109e81aa90a18163d9a4caf436c85767f8
r_dns_a,Domain_891b914358632aef832cca07a6d0be743b1f98589033285ad8634c428eee9d63,IP_2f48f7c98d2552e18b42ec67b277bee3e1de168b30fa1052f554840ee0f45248
r_dns_a,Domain_80313ca72573c9d6f75d940da9904ea66ae18f3c37803a51d5e4c9837b2de7ea,IP_b718335bae9f660aab3a8d4ff8deb5b595b552d091ba5f4f35ec0af50572b6a9
r_dns_a,Domain_ab5a3f699f5740d40331a599348639362737a1abbafbb0d7d301840a27f97296,IP_2f48f7c98d2552e18b42ec67b277bee3e1de168b30fa1052f554840ee0f45248
r_cert,Domain_5ee258d1b160d2d31a371e34515325e24baf420def9cfbc84dea407fd3eea642,Cert_fe794a69eacd63b21245bf4eda826222fc6c5862bebf77aa05459cb308cfd063
r_dns_a,Domain_5ee258d1b160d2d31a371e34515325e24baf420def9cfbc84dea407fd3eea642,IP_0ec7070919b2722f10ecb87a7c67887be5939c07659c1c1e733df515f5485c1b
r_dns_a,Domain_dd70b88277266e83014ab45ffc5425e55f071165a18540450db0c5e099f33f86,IP_14260c5306b6407af8dd6afe0dcc79cf259a337ffaf8403013fd62d67e677f39
r_cert,Domain_dd70b88277266e83014ab45ffc5425e55f071165a18540450db0c5e099f33f86,Cert_fe794a69eacd63b21245bf4eda826222fc6c5862bebf77aa05459cb308cfd063
r_dns_a,Domain_98332e81c9c2ed3e2091f34e93465042639d4b106baff7651395dc12430db72b,IP_05cdbfe5ba1cc631b896c92287cce775bea01f6d1abd0a37347ba017ef655825
r_dns_a,Domain_62d9736c9bb7e1471c9225cf9273ed51e1ef582283e666d75976d9afc1e0a902,IP_c829d272a62a6b587d728fc3986a4e86913be4a743dba385d05dce6dbeda87dc
r_dns_a,Domain_70f7e47b51d5f77d8df03a8cd7882977c9edadca1cd5eb06c9827d6d8bc13db1,IP_d734cc0fedd3f4593d9c7d78704f435e353c792397057506aee8f3a43f3f654d
r_dns_a,Domain_d0af0f2264af0015dea4682138c412a3209b63d8296729f4c36bcb5f29fcd84b,IP_b17989268f4ec4a6c63a58d320c8fd2a30a7f0e2ea48666804c0eb4e5332452d
r_cert,Domain_d0af0f2264af0015dea4682138c412a3209b63d8296729f4c36bcb5f29fcd84b,Cert_fe794a69eacd63b21245bf4eda826222fc6c5862bebf77aa05459cb308cfd063
r_dns_a,Domain_0524e302cc6a9722eb88aa5f8a4aac02019d657cf52442ee1e67707b1512cd5d,IP_977374adffe8f66253067be7dd7772109e81aa90a18163d9a4caf436c85767f8
r_cert,Domain_0524e302cc6a9722eb88aa5f8a4aac02019d657cf52442ee1e67707b1512cd5d,Cert_fe794a69eacd63b21245bf4eda826222fc6c5862bebf77aa05459cb308cfd063
r_dns_a,Domain_ef09476dda77bf97dfdec986c80615fc24fb334f353d5cbbf57e5c4df5671c2b,IP_32e6fc7715c9f1ac5650d4484429017f357d40c499611a601d8204b48e6b974a
r_dns_a,Domain_beb4104480f05995e03e659ff796558764e21640627f61d7a04acb2c322dce04,IP_15e4c21258981ec2061ebd02a69c965188bae2f8af2058bf7d8023a7ab1482f5
r_cert,Domain_beb4104480f05995e03e659ff796558764e21640627f61d7a04acb2c322dce04,Cert_fe794a69eacd63b21245bf4eda826222fc6c5862bebf77aa05459cb308cfd063
r_dns_a,Domain_a6834ab5a2711ef098282632bf52be673c6ed268b4c3205b1d08ddb4cae7d70c,IP_b3d68e2cf9c5da3e78f365a23714e2e3ca6f63c5876727b69bac0fde045224af
r_cert,Domain_a6834ab5a2711ef098282632bf52be673c6ed268b4c3205b1d08ddb4cae7d70c,Cert_fe794a69eacd63b21245bf4eda826222fc6c5862bebf77aa05459cb308cfd063
r_dns_a,Domain_5f9dfc1c7d94f7e5b035b10676e0bacb4129133540d7dbcbf493349e1c2c6f34,IP_09aa615122c25190b73b7c43005d6f977da31bbb9225dc56529792f071d108fe
r_dns_a,Domain_472737e1ca293584b27df51158e88e169d66e4e670dbe3549ab0281c964ee738,IP_2f48f7c98d2552e18b42ec67b277bee3e1de168b30fa1052f554840ee0f45248
r_dns_a,Domain_a98a0b001f5d3e7886c96fd9435a66f4d0ad19e71c6da73db2ef6a62855a7ebc,IP_4aa2a1dcf6ece69493d503c63652b7dfb483a8cfc99df5c32c944aaec278cf0c
r_cert,Domain_a98a0b001f5d3e7886c96fd9435a66f4d0ad19e71c6da73db2ef6a62855a7ebc,Cert_fe794a69eacd63b21245bf4eda826222fc6c5862bebf77aa05459cb308cfd063
r_cname,Domain_44ea0fc049750533fd490ba1b1867062d168c57e36f5ce40469512800c4a2f27,Domain_d544953df628ea3b0268350be0b607e25f954435ac8582ab50205c7bc48c5685
r_dns_a,Domain_44ea0fc049750533fd490ba1b1867062d168c57e36f5ce40469512800c4a2f27,IP_69a9464a6a800a5bd8a3635e8912467cb0c447cb90d3efe4adf77f3b4d9b6901
r_cert,Domain_22c8647c2e543ae2cac70e484c11b45032123c7bafe97e0d8805cd6b717a7f0a,Cert_fe794a69eacd63b21245bf4eda826222fc6c5862bebf77aa05459cb308cfd063
r_dns_a,Domain_22c8647c2e543ae2cac70e484c11b45032123c7bafe97e0d8805cd6b717a7f0a,IP_d0399d41d87c5ee8f23f7fa73a9e51ecbb3c277a8c0cf2a0db0ce484ba6de459
r_dns_a,Domain_22c8647c2e543ae2cac70e484c11b45032123c7bafe97e0d8805cd6b717a7f0a,IP_8f2042f6966a2b390061434249e6ba0a15a6ef1c6eaa9988660dff2a10d61f0a
r_dns_a,Domain_d7632006adfa48173b7791317e2c14bc5633a782816812fca33d198c5ac65844,IP_818dd622a130f04e0857bd0276f4dacb32ee046d46605f35cb8bac9999c42f19
r_cert,Domain_d7632006adfa48173b7791317e2c14bc5633a782816812fca33d198c5ac65844,Cert_9c2573ab65a8b7f2b29473065403aedc3a118a7fd1298c17c97513a23bf661f1
r_cert,Domain_9b137c5215788c8e66a5ea2d45c7ec3af81d5b1521610b166b109a6701324742,Cert_392d981eaf712a3ecb8553b3b90974d538e484bad7ccff19f6ef89d1b6456226
r_dns_a,Domain_9b137c5215788c8e66a5ea2d45c7ec3af81d5b1521610b166b109a6701324742,IP_2eec711d731faa1b677c62cb897e58cc1c296c1f9864abd447dec6b04b6cea0f
r_cert,Domain_9b137c5215788c8e66a5ea2d45c7ec3af81d5b1521610b166b109a6701324742,Cert_90251c3412b1d10fed822153d9877b1dcb2eed0b35c174b2b1f8b1a58de9bc7f
r_subdomain,Domain_807a8a1a5282607c2063a5b0365268b25f0f62d61741a3e25244840595f10dc3,Domain_f3554b666038baffa5814c319d3053ee2c2eb30d31d0ef509a1a463386b69845
r_subdomain,Domain_807a8a1a5282607c2063a5b0365268b25f0f62d61741a3e25244840595f10dc3,Domain_b6ae03c6b2e79be5e1f2b2938fb27069996d9a29daa6e3e8f63da65a7baba520
r_subdomain,Domain_807a8a1a5282607c2063a5b0365268b25f0f62d61741a3e25244840595f10dc3,Domain_d544953df628ea3b0268350be0b607e25f954435ac8582ab50205c7bc48c5685
r_subdomain,Domain_807a8a1a5282607c2063a5b0365268b25f0f62d61741a3e25244840595f10dc3,Domain_d7632006adfa48173b7791317e2c14bc5633a782816812fca33d198c5ac65844
r_subdomain,Domain_807a8a1a5282607c2063a5b0365268b25f0f62d61741a3e25244840595f10dc3,Domain_366244592364299707e33731d928c96df664d8beabce7066f2399687d9c81261
r_subdomain,Domain_807a8a1a5282607c2063a5b0365268b25f0f62d61741a3e25244840595f10dc3,Domain_44ea0fc049750533fd490ba1b1867062d168c57e36f5ce40469512800c4a2f27
r_dns_a,Domain_807a8a1a5282607c2063a5b0365268b25f0f62d61741a3e25244840595f10dc3,IP_fd1466e72d137176ee7d85c8b1d286fdfba318ff80048df9c18155704c997088
r_cname,Domain_807a8a1a5282607c2063a5b0365268b25f0f62d61741a3e25244840595f10dc3,Domain_4a17a04e1db069c8eee11f9506ffa28eb0e7b2ec45d56a554598e236313e3a6f
r_cert,Domain_807a8a1a5282607c2063a5b0365268b25f0f62d61741a3e25244840595f10dc3,Cert_90251c3412b1d10fed822153d9877b1dcb2eed0b35c174b2b1f8b1a58de9bc7f
r_dns_a,Domain_e5ca68deb1b32afbaceaadcd7019b41ca516d7256fc598e37e56cd875822250e,IP_de75aa6515a8599f799858409a0463b0384ddef537437ce8bc56683ca540c99a
r_cert,Domain_e5ca68deb1b32afbaceaadcd7019b41ca516d7256fc598e37e56cd875822250e,Cert_fe794a69eacd63b21245bf4eda826222fc6c5862bebf77aa05459cb308cfd063
r_dns_a,Domain_bd50bde5ef6e8a7951d2469815e0b7eaf09eeb6dcccab052eeafda02acfac81d,IP_977374adffe8f66253067be7dd7772109e81aa90a18163d9a4caf436c85767f8
r_cert,Domain_bd50bde5ef6e8a7951d2469815e0b7eaf09eeb6dcccab052eeafda02acfac81d,Cert_fe794a69eacd63b21245bf4eda826222fc6c5862bebf77aa05459cb308cfd063
r_dns_a,Domain_ec5d224b5be436a9abc7ad6a9c618984c01b9e940c9a9b6b22a6ac64b8833b38,IP_dc52e2450f0d7b632b74bba523c9f560799978e83372acdf0ec1f3f451bc90c6
r_cert,Domain_ec5d224b5be436a9abc7ad6a9c618984c01b9e940c9a9b6b22a6ac64b8833b38,Cert_fe794a69eacd63b21245bf4eda826222fc6c5862bebf77aa05459cb308cfd063
r_asn,IP_e9d4d0c9b504b782a7e04f78cf471fc52abba41c1330dec1bd5cfb583add10ce,ASN_3acb98d8043248d884b0236acff6e75a199b89dff521dcc142d59df236c7992e
r_cidr,IP_e9d4d0c9b504b782a7e04f78cf471fc52abba41c1330dec1bd5cfb583add10ce,IP_CIDR_26ab5adadae61886e3865acfe443c8dd71211cbbedc05fb843672bc2ca3dad6a
r_asn,IP_180ec840d57b66390033e9f0145b6dc76a7213c42d0992faeaaf5719ba7273a2,ASN_3acb98d8043248d884b0236acff6e75a199b89dff521dcc142d59df236c7992e
r_dns_a,Domain_f064440758ac789b27083e83b820b61eefbbf647186a98b76c8d59dc7050e6b1,IP_66fa10021a8dde8d8ebf800b461b30d6866d626ffba991e0c0adf9009eea0c61
r_cert,Domain_f064440758ac789b27083e83b820b61eefbbf647186a98b76c8d59dc7050e6b1,Cert_fe794a69eacd63b21245bf4eda826222fc6c5862bebf77aa05459cb308cfd063
r_dns_a,Domain_02be00d94beedee6a5ab985944aa395e35a3c6f1e2fb4d758acfbaf4b1276dc6,IP_02fcf70a1e67295d9e2ffb77c4611c2de9debeb3c4fcd66def4be9fa82541993
r_dns_a,Domain_52f74712030a0fa4d3b7894dd05c167a1c2ac29aeda8dc78e17c52e27ef775b4,IP_4aa2a1dcf6ece69493d503c63652b7dfb483a8cfc99df5c32c944aaec278cf0c
r_cert,Domain_52f74712030a0fa4d3b7894dd05c167a1c2ac29aeda8dc78e17c52e27ef775b4,Cert_fe794a69eacd63b21245bf4eda826222fc6c5862bebf77aa05459cb308cfd063
r_dns_a,Domain_fc8f4c87f0171195d0f1fc986f219da7b0d1bf49591e7ebe694ee482b87c789f,IP_e3a290749918ab9b057cdaa8ce80eab3ffe362ed49ec94a67a829eb34be59352
r_dns_a,Domain_df0bbca49330c0d1413808d0284ae819e15fd3efce714d54e1194c7ca5722be0,IP_f5702c9a1e922864d2f61af1605c31f0a1b9c3fcdafe761c087435fcb8e72bee
r_cert,Domain_df0bbca49330c0d1413808d0284ae819e15fd3efce714d54e1194c7ca5722be0,Cert_fe794a69eacd63b21245bf4eda826222fc6c5862bebf77aa05459cb308cfd063
r_cert,Domain_afd826ef13c05bc22f4781e7ad58b8cf5a2b66fc0b65b94cefee484aca14bcaf,Cert_392d981eaf712a3ecb8553b3b90974d538e484bad7ccff19f6ef89d1b6456226
r_dns_a,Domain_afd826ef13c05bc22f4781e7ad58b8cf5a2b66fc0b65b94cefee484aca14bcaf,IP_e9d4d0c9b504b782a7e04f78cf471fc52abba41c1330dec1bd5cfb583add10ce
r_dns_a,Domain_e3d730da55c2629746cedea646a50205d89e9223a88026ed8f618460c5492210,IP_c79062663c51f2407cf181f5b5c7cbbeffed0aff076de985a8c8bd9d667b13c0
r_cert,Domain_e3d730da55c2629746cedea646a50205d89e9223a88026ed8f618460c5492210,Cert_fe794a69eacd63b21245bf4eda826222fc6c5862bebf77aa05459cb308cfd063
r_dns_a,Domain_f1945ec67dc544ca573ea50b5e08f71eee89b4bd78a8cf0090ed6ef1cd5652e1,IP_02e36fbc321e3105ef3afdf885219e7e1a121c68341efed82dfa1d88d61e0e70
r_dns_a,Domain_90d96a1c64f5e3f609d802bb131d8472721b7a5a737b8225db2eaf9824348548,IP_11fd5da13d4570c8bc3784b7af8432dd8ad8f9ca4e4e7dbdee5879952756b39f
r_cert,Domain_90d96a1c64f5e3f609d802bb131d8472721b7a5a737b8225db2eaf9824348548,Cert_fe794a69eacd63b21245bf4eda826222fc6c5862bebf77aa05459cb308cfd063
r_dns_a,Domain_8c588031142f1026d8ee97774a6949737f13c6f8a099df4369ea79d63e3b2411,IP_4c9302796645f00c77222b29f827796bba618e666e24a81fba279135aece1152
r_dns_a,Domain_f3554b666038baffa5814c319d3053ee2c2eb30d31d0ef509a1a463386b69845,IP_e9d4d0c9b504b782a7e04f78cf471fc52abba41c1330dec1bd5cfb583add10ce
r_subdomain,Domain_f3554b666038baffa5814c319d3053ee2c2eb30d31d0ef509a1a463386b69845,Domain_807a8a1a5282607c2063a5b0365268b25f0f62d61741a3e25244840595f10dc3
r_request_jump,Domain_f3554b666038baffa5814c319d3053ee2c2eb30d31d0ef509a1a463386b69845,Domain_afd826ef13c05bc22f4781e7ad58b8cf5a2b66fc0b65b94cefee484aca14bcaf
r_request_jump,Domain_f3554b666038baffa5814c319d3053ee2c2eb30d31d0ef509a1a463386b69845,Domain_b0db5e33bb91089520046ff41da4b0d81d7a0fbe23e1046106554c79f8c8659c
r_request_jump,Domain_f3554b666038baffa5814c319d3053ee2c2eb30d31d0ef509a1a463386b69845,Domain_9b137c5215788c8e66a5ea2d45c7ec3af81d5b1521610b166b109a6701324742
r_cert,Domain_f3554b666038baffa5814c319d3053ee2c2eb30d31d0ef509a1a463386b69845,Cert_392d981eaf712a3ecb8553b3b90974d538e484bad7ccff19f6ef89d1b6456226
r_whois_name,Domain_f3554b666038baffa5814c319d3053ee2c2eb30d31d0ef509a1a463386b69845,Whois_Name_d93c941eef173511e77515af6861025e9a2a52d597e27bf1825961c2690e66cd
r_whois_email,Domain_f3554b666038baffa5814c319d3053ee2c2eb30d31d0ef509a1a463386b69845,Whois_Email_62fe1d0691991999225c173a7c6b4da96e9d590457cfb31befb84fc0e980c15e
r_whois_phone,Domain_f3554b666038baffa5814c319d3053ee2c2eb30d31d0ef509a1a463386b69845,Whois_Phone_2ed398f49cf52be8e3f9cbf82be998d9ac2ba656d1ea1491baf026bb989531f1
r_dns_a,Domain_f3554b666038baffa5814c319d3053ee2c2eb30d31d0ef509a1a463386b69845,IP_180ec840d57b66390033e9f0145b6dc76a7213c42d0992faeaaf5719ba7273a2
